구,동,업종명,점포수
강남구,개포2동,한식음식점,179.0
강남구,개포2동,커피-음료,37.0
강남구,개포2동,분식전문점,36.0
강남구,개포2동,호프-간이주점,32.0
강남구,개포2동,일식음식점,23.0
강남구,개포2동,양식음식점,22.0
강남구,개포2동,패스트푸드점,12.0
강남구,개포2동,중식음식점,8.0
강남구,개포2동,치킨전문점,6.0
강남구,개포2동,제과점,3.0
강남구,개포4동,한식음식점,140.0
강남구,개포4동,커피-음료,108.0
강남구,개포4동,분식전문점,29.0
강남구,개포4동,패스트푸드점,23.0
강남구,개포4동,양식음식점,22.0
강남구,개포4동,제과점,21.0
강남구,개포4동,호프-간이주점,21.0
강남구,개포4동,중식음식점,16.0
강남구,개포4동,일식음식점,10.0
강남구,개포4동,치킨전문점,8.0
강남구,논현1동,한식음식점,2167.0
강남구,논현1동,커피-음료,904.0
강남구,논현1동,호프-간이주점,649.0
강남구,논현1동,양식음식점,413.0
강남구,논현1동,일식음식점,313.0
강남구,논현1동,분식전문점,256.0
강남구,논현1동,중식음식점,151.0
강남구,논현1동,패스트푸드점,128.0
강남구,논현1동,제과점,98.0
강남구,논현1동,치킨전문점,86.0
강남구,논현2동,한식음식점,1284.0
강남구,논현2동,커피-음료,570.0
강남구,논현2동,호프-간이주점,285.0
강남구,논현2동,양식음식점,271.0
강남구,논현2동,일식음식점,171.0
강남구,논현2동,분식전문점,166.0
강남구,논현2동,중식음식점,102.0
강남구,논현2동,제과점,81.0
강남구,논현2동,패스트푸드점,78.0
강남구,논현2동,치킨전문점,38.0
강남구,대치1동,한식음식점,94.0
강남구,대치1동,분식전문점,32.0
강남구,대치1동,커피-음료,30.0
강남구,대치1동,양식음식점,20.0
강남구,대치1동,제과점,20.0
강남구,대치1동,일식음식점,13.0
강남구,대치1동,중식음식점,12.0
강남구,대치1동,호프-간이주점,12.0
강남구,대치1동,패스트푸드점,8.0
강남구,대치1동,치킨전문점,2.0
강남구,대치2동,한식음식점,462.0
강남구,대치2동,커피-음료,250.0
강남구,대치2동,양식음식점,111.0
강남구,대치2동,일식음식점,100.0
강남구,대치2동,분식전문점,84.0
강남구,대치2동,제과점,77.0
강남구,대치2동,중식음식점,54.0
강남구,대치2동,패스트푸드점,33.0
강남구,대치2동,호프-간이주점,21.0
강남구,대치2동,치킨전문점,12.0
강남구,대치4동,한식음식점,1626.0
강남구,대치4동,커피-음료,643.0
강남구,대치4동,일식음식점,320.0
강남구,대치4동,호프-간이주점,319.0
강남구,대치4동,분식전문점,314.0
강남구,대치4동,양식음식점,279.0
강남구,대치4동,중식음식점,172.0
강남구,대치4동,제과점,156.0
강남구,대치4동,패스트푸드점,139.0
강남구,대치4동,치킨전문점,45.0
강남구,도곡1동,분식전문점,108.0
강남구,도곡1동,커피-음료,24.0
강남구,도곡1동,양식음식점,12.0
강남구,도곡1동,한식음식점,12.0
강남구,도곡1동,제과점,7.0
강남구,도곡1동,일식음식점,4.0
강남구,도곡1동,호프-간이주점,4.0
강남구,도곡1동,패스트푸드점,0.0
강남구,도곡2동,한식음식점,219.0
강남구,도곡2동,양식음식점,128.0
강남구,도곡2동,커피-음료,94.0
강남구,도곡2동,일식음식점,53.0
강남구,도곡2동,호프-간이주점,52.0
강남구,도곡2동,제과점,30.0
강남구,도곡2동,분식전문점,28.0
강남구,도곡2동,패스트푸드점,24.0
강남구,도곡2동,중식음식점,17.0
강남구,도곡2동,치킨전문점,0.0
강남구,삼성1동,한식음식점,539.0
강남구,삼성1동,커피-음료,268.0
강남구,삼성1동,양식음식점,266.0
강남구,삼성1동,일식음식점,140.0
강남구,삼성1동,제과점,119.0
강남구,삼성1동,분식전문점,106.0
강남구,삼성1동,중식음식점,104.0
강남구,삼성1동,호프-간이주점,52.0
강남구,삼성1동,패스트푸드점,52.0
강남구,삼성1동,치킨전문점,16.0
강남구,삼성2동,한식음식점,1383.0
강남구,삼성2동,커피-음료,643.0
강남구,삼성2동,호프-간이주점,363.0
강남구,삼성2동,일식음식점,291.0
강남구,삼성2동,양식음식점,285.0
강남구,삼성2동,분식전문점,154.0
강남구,삼성2동,중식음식점,132.0
강남구,삼성2동,패스트푸드점,87.0
강남구,삼성2동,제과점,84.0
강남구,삼성2동,치킨전문점,24.0
강남구,세곡동,한식음식점,131.0
강남구,세곡동,커피-음료,72.0
강남구,세곡동,양식음식점,23.0
강남구,세곡동,분식전문점,21.0
강남구,세곡동,호프-간이주점,20.0
강남구,세곡동,패스트푸드점,17.0
강남구,세곡동,치킨전문점,16.0
강남구,세곡동,중식음식점,16.0
강남구,세곡동,일식음식점,12.0
강남구,세곡동,제과점,8.0
강남구,수서동,한식음식점,151.0
강남구,수서동,커피-음료,54.0
강남구,수서동,일식음식점,41.0
강남구,수서동,호프-간이주점,21.0
강남구,수서동,패스트푸드점,16.0
강남구,수서동,중식음식점,16.0
강남구,수서동,제과점,10.0
강남구,수서동,분식전문점,10.0
강남구,수서동,치킨전문점,8.0
강남구,수서동,양식음식점,8.0
강남구,신사동,한식음식점,868.0
강남구,신사동,커피-음료,578.0
강남구,신사동,양식음식점,429.0
강남구,신사동,호프-간이주점,380.0
강남구,신사동,일식음식점,340.0
강남구,신사동,제과점,185.0
강남구,신사동,분식전문점,164.0
강남구,신사동,중식음식점,105.0
강남구,신사동,패스트푸드점,84.0
강남구,신사동,치킨전문점,31.0
강남구,압구정동,한식음식점,1382.0
강남구,압구정동,양식음식점,841.0
강남구,압구정동,호프-간이주점,785.0
강남구,압구정동,커피-음료,611.0
강남구,압구정동,일식음식점,465.0
강남구,압구정동,제과점,185.0
강남구,압구정동,분식전문점,175.0
강남구,압구정동,패스트푸드점,124.0
강남구,압구정동,중식음식점,117.0
강남구,압구정동,치킨전문점,8.0
강남구,역삼1동,한식음식점,3318.0
강남구,역삼1동,커피-음료,1401.0
강남구,역삼1동,양식음식점,687.0
강남구,역삼1동,호프-간이주점,660.0
강남구,역삼1동,일식음식점,491.0
강남구,역삼1동,분식전문점,388.0
강남구,역삼1동,중식음식점,321.0
강남구,역삼1동,패스트푸드점,305.0
강남구,역삼1동,제과점,190.0
강남구,역삼1동,치킨전문점,102.0
강남구,역삼2동,한식음식점,182.0
강남구,역삼2동,커피-음료,110.0
강남구,역삼2동,일식음식점,42.0
강남구,역삼2동,호프-간이주점,31.0
강남구,역삼2동,양식음식점,17.0
강남구,역삼2동,중식음식점,16.0
강남구,역삼2동,제과점,16.0
강남구,역삼2동,분식전문점,16.0
강남구,역삼2동,치킨전문점,12.0
강남구,역삼2동,패스트푸드점,9.0
강남구,일원1동,한식음식점,234.0
강남구,일원1동,커피-음료,89.0
강남구,일원1동,호프-간이주점,53.0
강남구,일원1동,분식전문점,48.0
강남구,일원1동,제과점,28.0
강남구,일원1동,양식음식점,26.0
강남구,일원1동,일식음식점,22.0
강남구,일원1동,중식음식점,15.0
강남구,일원1동,치킨전문점,13.0
강남구,일원1동,패스트푸드점,3.0
강남구,청담동,한식음식점,1087.0
강남구,청담동,양식음식점,796.0
강남구,청담동,커피-음료,527.0
강남구,청담동,일식음식점,441.0
강남구,청담동,호프-간이주점,401.0
강남구,청담동,제과점,169.0
강남구,청담동,분식전문점,149.0
강남구,청담동,중식음식점,124.0
강남구,청담동,패스트푸드점,83.0
강남구,청담동,치킨전문점,17.0
강동구,강일동,한식음식점,43.0
강동구,강일동,양식음식점,9.0
강동구,강일동,제과점,8.0
강동구,강일동,분식전문점,8.0
강동구,강일동,커피-음료,8.0
강동구,강일동,일식음식점,7.0
강동구,강일동,패스트푸드점,6.0
강동구,강일동,치킨전문점,4.0
강동구,강일동,중식음식점,4.0
강동구,강일동,호프-간이주점,0.0
강동구,고덕1동,한식음식점,103.0
강동구,고덕1동,커피-음료,45.0
강동구,고덕1동,호프-간이주점,24.0
강동구,고덕1동,제과점,19.0
강동구,고덕1동,분식전문점,17.0
강동구,고덕1동,중식음식점,8.0
강동구,고덕1동,패스트푸드점,7.0
강동구,고덕1동,양식음식점,5.0
강동구,고덕1동,일식음식점,4.0
강동구,고덕1동,치킨전문점,0.0
강동구,고덕2동,한식음식점,202.0
강동구,고덕2동,커피-음료,63.0
강동구,고덕2동,호프-간이주점,29.0
강동구,고덕2동,양식음식점,24.0
강동구,고덕2동,제과점,19.0
강동구,고덕2동,치킨전문점,16.0
강동구,고덕2동,분식전문점,16.0
강동구,고덕2동,일식음식점,15.0
강동구,고덕2동,중식음식점,12.0
강동구,고덕2동,패스트푸드점,8.0
강동구,길동,한식음식점,1127.0
강동구,길동,호프-간이주점,450.0
강동구,길동,커피-음료,235.0
강동구,길동,분식전문점,157.0
강동구,길동,일식음식점,115.0
강동구,길동,중식음식점,83.0
강동구,길동,제과점,69.0
강동구,길동,패스트푸드점,63.0
강동구,길동,양식음식점,62.0
강동구,길동,치킨전문점,51.0
강동구,둔촌2동,한식음식점,227.0
강동구,둔촌2동,커피-음료,119.0
강동구,둔촌2동,분식전문점,69.0
강동구,둔촌2동,호프-간이주점,54.0
강동구,둔촌2동,양식음식점,40.0
강동구,둔촌2동,제과점,22.0
강동구,둔촌2동,패스트푸드점,19.0
강동구,둔촌2동,치킨전문점,18.0
강동구,둔촌2동,중식음식점,12.0
강동구,둔촌2동,일식음식점,11.0
강동구,명일1동,한식음식점,342.0
강동구,명일1동,커피-음료,152.0
강동구,명일1동,분식전문점,97.0
강동구,명일1동,호프-간이주점,95.0
강동구,명일1동,제과점,65.0
강동구,명일1동,양식음식점,55.0
강동구,명일1동,일식음식점,47.0
강동구,명일1동,중식음식점,32.0
강동구,명일1동,패스트푸드점,26.0
강동구,명일1동,치킨전문점,24.0
강동구,명일2동,한식음식점,171.0
강동구,명일2동,커피-음료,94.0
강동구,명일2동,분식전문점,64.0
강동구,명일2동,제과점,56.0
강동구,명일2동,일식음식점,42.0
강동구,명일2동,양식음식점,30.0
강동구,명일2동,중식음식점,22.0
강동구,명일2동,호프-간이주점,22.0
강동구,명일2동,치킨전문점,12.0
강동구,명일2동,패스트푸드점,5.0
강동구,상일동,한식음식점,316.0
강동구,상일동,커피-음료,99.0
강동구,상일동,호프-간이주점,51.0
강동구,상일동,일식음식점,51.0
강동구,상일동,패스트푸드점,36.0
강동구,상일동,제과점,35.0
강동구,상일동,중식음식점,32.0
강동구,상일동,분식전문점,28.0
강동구,상일동,양식음식점,16.0
강동구,상일동,치킨전문점,4.0
강동구,성내1동,한식음식점,406.0
강동구,성내1동,커피-음료,239.0
강동구,성내1동,일식음식점,91.0
강동구,성내1동,분식전문점,90.0
강동구,성내1동,호프-간이주점,73.0
강동구,성내1동,제과점,61.0
강동구,성내1동,양식음식점,44.0
강동구,성내1동,중식음식점,37.0
강동구,성내1동,패스트푸드점,12.0
강동구,성내1동,치킨전문점,4.0
강동구,성내2동,한식음식점,415.0
강동구,성내2동,커피-음료,213.0
강동구,성내2동,호프-간이주점,151.0
강동구,성내2동,일식음식점,57.0
강동구,성내2동,제과점,51.0
강동구,성내2동,분식전문점,45.0
강동구,성내2동,양식음식점,31.0
강동구,성내2동,중식음식점,27.0
강동구,성내2동,치킨전문점,16.0
강동구,성내2동,패스트푸드점,10.0
강동구,성내3동,한식음식점,808.0
강동구,성내3동,커피-음료,248.0
강동구,성내3동,호프-간이주점,188.0
강동구,성내3동,분식전문점,103.0
강동구,성내3동,제과점,95.0
강동구,성내3동,양식음식점,81.0
강동구,성내3동,일식음식점,72.0
강동구,성내3동,치킨전문점,52.0
강동구,성내3동,패스트푸드점,43.0
강동구,성내3동,중식음식점,40.0
강동구,암사1동,한식음식점,351.0
강동구,암사1동,커피-음료,131.0
강동구,암사1동,호프-간이주점,131.0
강동구,암사1동,분식전문점,106.0
강동구,암사1동,중식음식점,46.0
강동구,암사1동,제과점,38.0
강동구,암사1동,치킨전문점,36.0
강동구,암사1동,일식음식점,21.0
강동구,암사1동,패스트푸드점,12.0
강동구,암사1동,양식음식점,6.0
강동구,암사2동,한식음식점,266.0
강동구,암사2동,커피-음료,52.0
강동구,암사2동,일식음식점,27.0
강동구,암사2동,분식전문점,25.0
강동구,암사2동,중식음식점,22.0
강동구,암사2동,호프-간이주점,21.0
강동구,암사2동,제과점,16.0
강동구,암사2동,패스트푸드점,12.0
강동구,암사2동,치킨전문점,4.0
강동구,암사2동,양식음식점,0.0
강동구,천호1동,한식음식점,346.0
강동구,천호1동,커피-음료,93.0
강동구,천호1동,분식전문점,63.0
강동구,천호1동,호프-간이주점,56.0
강동구,천호1동,패스트푸드점,29.0
강동구,천호1동,중식음식점,27.0
강동구,천호1동,양식음식점,26.0
강동구,천호1동,일식음식점,24.0
강동구,천호1동,치킨전문점,16.0
강동구,천호1동,제과점,14.0
강동구,천호2동,한식음식점,1285.0
강동구,천호2동,호프-간이주점,468.0
강동구,천호2동,커피-음료,360.0
강동구,천호2동,분식전문점,193.0
강동구,천호2동,제과점,153.0
강동구,천호2동,일식음식점,149.0
강동구,천호2동,양식음식점,122.0
강동구,천호2동,중식음식점,100.0
강동구,천호2동,패스트푸드점,69.0
강동구,천호2동,치킨전문점,33.0
강동구,천호3동,한식음식점,224.0
강동구,천호3동,호프-간이주점,61.0
강동구,천호3동,분식전문점,46.0
강동구,천호3동,커피-음료,38.0
강동구,천호3동,치킨전문점,32.0
강동구,천호3동,양식음식점,21.0
강동구,천호3동,패스트푸드점,12.0
강동구,천호3동,제과점,11.0
강동구,천호3동,일식음식점,5.0
강동구,천호3동,중식음식점,4.0
강북구,미아동,한식음식점,519.0
강북구,미아동,호프-간이주점,158.0
강북구,미아동,커피-음료,153.0
강북구,미아동,분식전문점,116.0
강북구,미아동,중식음식점,50.0
강북구,미아동,치킨전문점,40.0
강북구,미아동,제과점,36.0
강북구,미아동,일식음식점,27.0
강북구,미아동,양식음식점,24.0
강북구,미아동,패스트푸드점,15.0
강북구,번1동,한식음식점,291.0
강북구,번1동,호프-간이주점,124.0
강북구,번1동,커피-음료,83.0
강북구,번1동,분식전문점,60.0
강북구,번1동,중식음식점,30.0
강북구,번1동,양식음식점,30.0
강북구,번1동,패스트푸드점,21.0
강북구,번1동,일식음식점,21.0
강북구,번1동,제과점,16.0
강북구,번1동,치킨전문점,11.0
강북구,번2동,한식음식점,44.0
강북구,번2동,커피-음료,16.0
강북구,번2동,분식전문점,4.0
강북구,번2동,제과점,4.0
강북구,번2동,중식음식점,4.0
강북구,번2동,일식음식점,4.0
강북구,번2동,양식음식점,0.0
강북구,번3동,한식음식점,41.0
강북구,번3동,커피-음료,12.0
강북구,번3동,분식전문점,8.0
강북구,번3동,호프-간이주점,8.0
강북구,번3동,치킨전문점,0.0
강북구,번3동,제과점,0.0
강북구,삼각산동,한식음식점,111.0
강북구,삼각산동,분식전문점,24.0
강북구,삼각산동,호프-간이주점,20.0
강북구,삼각산동,치킨전문점,8.0
강북구,삼각산동,일식음식점,8.0
강북구,삼각산동,패스트푸드점,8.0
강북구,삼각산동,제과점,4.0
강북구,삼각산동,커피-음료,0.0
강북구,삼양동,한식음식점,132.0
강북구,삼양동,호프-간이주점,43.0
강북구,삼양동,커피-음료,38.0
강북구,삼양동,분식전문점,22.0
강북구,삼양동,제과점,20.0
강북구,삼양동,치킨전문점,11.0
강북구,삼양동,중식음식점,9.0
강북구,삼양동,일식음식점,8.0
강북구,삼양동,패스트푸드점,4.0
강북구,삼양동,양식음식점,4.0
강북구,송중동,한식음식점,520.0
강북구,송중동,호프-간이주점,250.0
강북구,송중동,커피-음료,87.0
강북구,송중동,일식음식점,67.0
강북구,송중동,제과점,44.0
강북구,송중동,분식전문점,42.0
강북구,송중동,패스트푸드점,39.0
강북구,송중동,중식음식점,32.0
강북구,송중동,양식음식점,28.0
강북구,송중동,치킨전문점,17.0
강북구,송천동,한식음식점,356.0
강북구,송천동,커피-음료,96.0
강북구,송천동,호프-간이주점,96.0
강북구,송천동,분식전문점,76.0
강북구,송천동,패스트푸드점,34.0
강북구,송천동,중식음식점,28.0
강북구,송천동,치킨전문점,24.0
강북구,송천동,제과점,20.0
강북구,송천동,양식음식점,14.0
강북구,송천동,일식음식점,11.0
강북구,수유1동,한식음식점,363.0
강북구,수유1동,분식전문점,116.0
강북구,수유1동,커피-음료,64.0
강북구,수유1동,호프-간이주점,61.0
강북구,수유1동,치킨전문점,43.0
강북구,수유1동,중식음식점,28.0
강북구,수유1동,패스트푸드점,22.0
강북구,수유1동,제과점,20.0
강북구,수유1동,양식음식점,19.0
강북구,수유1동,일식음식점,13.0
강북구,수유2동,한식음식점,270.0
강북구,수유2동,호프-간이주점,66.0
강북구,수유2동,커피-음료,57.0
강북구,수유2동,분식전문점,39.0
강북구,수유2동,치킨전문점,32.0
강북구,수유2동,패스트푸드점,18.0
강북구,수유2동,제과점,17.0
강북구,수유2동,중식음식점,16.0
강북구,수유2동,일식음식점,12.0
강북구,수유2동,양식음식점,2.0
강북구,수유3동,한식음식점,1565.0
강북구,수유3동,호프-간이주점,784.0
강북구,수유3동,커피-음료,437.0
강북구,수유3동,일식음식점,153.0
강북구,수유3동,양식음식점,116.0
강북구,수유3동,분식전문점,101.0
강북구,수유3동,중식음식점,92.0
강북구,수유3동,제과점,62.0
강북구,수유3동,패스트푸드점,50.0
강북구,수유3동,치킨전문점,46.0
강북구,우이동,한식음식점,325.0
강북구,우이동,커피-음료,107.0
강북구,우이동,호프-간이주점,90.0
강북구,우이동,분식전문점,68.0
강북구,우이동,중식음식점,20.0
강북구,우이동,제과점,15.0
강북구,우이동,양식음식점,12.0
강북구,우이동,치킨전문점,10.0
강북구,우이동,패스트푸드점,8.0
강북구,우이동,일식음식점,4.0
강북구,인수동,한식음식점,216.0
강북구,인수동,커피-음료,126.0
강북구,인수동,호프-간이주점,64.0
강북구,인수동,분식전문점,40.0
강북구,인수동,중식음식점,28.0
강북구,인수동,제과점,24.0
강북구,인수동,치킨전문점,16.0
강북구,인수동,패스트푸드점,8.0
강북구,인수동,일식음식점,8.0
강북구,인수동,양식음식점,4.0
강서구,가양1동,한식음식점,2030.0
강서구,가양1동,커피-음료,766.0
강서구,가양1동,호프-간이주점,568.0
강서구,가양1동,일식음식점,427.0
강서구,가양1동,양식음식점,314.0
강서구,가양1동,제과점,230.0
강서구,가양1동,분식전문점,203.0
강서구,가양1동,중식음식점,185.0
강서구,가양1동,패스트푸드점,174.0
강서구,가양1동,치킨전문점,35.0
강서구,가양3동,한식음식점,16.0
강서구,가양3동,커피-음료,4.0
강서구,가양3동,치킨전문점,0.0
강서구,가양3동,제과점,0.0
강서구,공항동,한식음식점,458.0
강서구,공항동,호프-간이주점,238.0
강서구,공항동,커피-음료,140.0
강서구,공항동,분식전문점,43.0
강서구,공항동,중식음식점,41.0
강서구,공항동,패스트푸드점,24.0
강서구,공항동,양식음식점,17.0
강서구,공항동,치킨전문점,15.0
강서구,공항동,일식음식점,14.0
강서구,공항동,제과점,12.0
강서구,등촌1동,한식음식점,207.0
강서구,등촌1동,커피-음료,126.0
강서구,등촌1동,제과점,40.0
강서구,등촌1동,분식전문점,30.0
강서구,등촌1동,양식음식점,26.0
강서구,등촌1동,호프-간이주점,16.0
강서구,등촌1동,일식음식점,13.0
강서구,등촌1동,중식음식점,12.0
강서구,등촌1동,패스트푸드점,8.0
강서구,등촌1동,치킨전문점,4.0
강서구,등촌2동,한식음식점,19.0
강서구,등촌2동,커피-음료,16.0
강서구,등촌2동,분식전문점,8.0
강서구,등촌2동,호프-간이주점,8.0
강서구,등촌2동,중식음식점,8.0
강서구,등촌2동,일식음식점,4.0
강서구,등촌2동,제과점,4.0
강서구,등촌3동,한식음식점,240.0
강서구,등촌3동,커피-음료,74.0
강서구,등촌3동,제과점,60.0
강서구,등촌3동,분식전문점,52.0
강서구,등촌3동,호프-간이주점,33.0
강서구,등촌3동,패스트푸드점,22.0
강서구,등촌3동,중식음식점,21.0
강서구,등촌3동,양식음식점,17.0
강서구,등촌3동,치킨전문점,13.0
강서구,등촌3동,일식음식점,9.0
강서구,발산1동,한식음식점,240.0
강서구,발산1동,분식전문점,113.0
강서구,발산1동,커피-음료,96.0
강서구,발산1동,제과점,36.0
강서구,발산1동,중식음식점,27.0
강서구,발산1동,일식음식점,26.0
강서구,발산1동,치킨전문점,16.0
강서구,발산1동,호프-간이주점,16.0
강서구,발산1동,패스트푸드점,12.0
강서구,발산1동,양식음식점,4.0
강서구,방화1동,한식음식점,429.0
강서구,방화1동,커피-음료,142.0
강서구,방화1동,분식전문점,83.0
강서구,방화1동,호프-간이주점,76.0
강서구,방화1동,중식음식점,53.0
강서구,방화1동,치킨전문점,40.0
강서구,방화1동,제과점,33.0
강서구,방화1동,일식음식점,26.0
강서구,방화1동,패스트푸드점,9.0
강서구,방화1동,양식음식점,8.0
강서구,방화2동,한식음식점,302.0
강서구,방화2동,커피-음료,119.0
강서구,방화2동,호프-간이주점,102.0
강서구,방화2동,분식전문점,79.0
강서구,방화2동,양식음식점,65.0
강서구,방화2동,제과점,57.0
강서구,방화2동,중식음식점,32.0
강서구,방화2동,일식음식점,24.0
강서구,방화2동,패스트푸드점,20.0
강서구,방화2동,치킨전문점,13.0
강서구,방화3동,한식음식점,91.0
강서구,방화3동,호프-간이주점,24.0
강서구,방화3동,커피-음료,23.0
강서구,방화3동,분식전문점,16.0
강서구,방화3동,중식음식점,6.0
강서구,방화3동,일식음식점,4.0
강서구,방화3동,치킨전문점,4.0
강서구,방화3동,패스트푸드점,0.0
강서구,방화3동,양식음식점,0.0
강서구,방화3동,제과점,0.0
강서구,염창동,한식음식점,32.0
강서구,염창동,커피-음료,24.0
강서구,염창동,분식전문점,4.0
강서구,염창동,양식음식점,4.0
강서구,염창동,중식음식점,4.0
강서구,염창동,제과점,1.0
강서구,염창동,호프-간이주점,0.0
강서구,우장산동,한식음식점,251.0
강서구,우장산동,커피-음료,83.0
강서구,우장산동,호프-간이주점,45.0
강서구,우장산동,분식전문점,45.0
강서구,우장산동,제과점,28.0
강서구,우장산동,중식음식점,20.0
강서구,우장산동,양식음식점,20.0
강서구,우장산동,일식음식점,17.0
강서구,우장산동,패스트푸드점,17.0
강서구,우장산동,치킨전문점,11.0
강서구,화곡1동,한식음식점,1291.0
강서구,화곡1동,호프-간이주점,696.0
강서구,화곡1동,커피-음료,287.0
강서구,화곡1동,분식전문점,164.0
강서구,화곡1동,중식음식점,135.0
강서구,화곡1동,일식음식점,113.0
강서구,화곡1동,치킨전문점,76.0
강서구,화곡1동,제과점,73.0
강서구,화곡1동,양식음식점,42.0
강서구,화곡1동,패스트푸드점,36.0
강서구,화곡2동,한식음식점,145.0
강서구,화곡2동,분식전문점,60.0
강서구,화곡2동,커피-음료,53.0
강서구,화곡2동,호프-간이주점,40.0
강서구,화곡2동,일식음식점,12.0
강서구,화곡2동,치킨전문점,10.0
강서구,화곡2동,중식음식점,8.0
강서구,화곡2동,양식음식점,8.0
강서구,화곡2동,제과점,0.0
강서구,화곡2동,패스트푸드점,0.0
강서구,화곡3동,한식음식점,245.0
강서구,화곡3동,커피-음료,77.0
강서구,화곡3동,호프-간이주점,40.0
강서구,화곡3동,분식전문점,35.0
강서구,화곡3동,치킨전문점,26.0
강서구,화곡3동,패스트푸드점,20.0
강서구,화곡3동,중식음식점,19.0
강서구,화곡3동,제과점,13.0
강서구,화곡3동,양식음식점,12.0
강서구,화곡3동,일식음식점,8.0
강서구,화곡4동,한식음식점,638.0
강서구,화곡4동,호프-간이주점,169.0
강서구,화곡4동,커피-음료,157.0
강서구,화곡4동,분식전문점,120.0
강서구,화곡4동,양식음식점,52.0
강서구,화곡4동,제과점,46.0
강서구,화곡4동,중식음식점,39.0
강서구,화곡4동,치킨전문점,32.0
강서구,화곡4동,패스트푸드점,20.0
강서구,화곡4동,일식음식점,16.0
강서구,화곡6동,한식음식점,751.0
강서구,화곡6동,호프-간이주점,394.0
강서구,화곡6동,커피-음료,118.0
강서구,화곡6동,분식전문점,68.0
강서구,화곡6동,일식음식점,66.0
강서구,화곡6동,양식음식점,60.0
강서구,화곡6동,중식음식점,55.0
강서구,화곡6동,패스트푸드점,28.0
강서구,화곡6동,제과점,16.0
강서구,화곡6동,치킨전문점,11.0
강서구,화곡8동,한식음식점,238.0
강서구,화곡8동,분식전문점,94.0
강서구,화곡8동,커피-음료,55.0
강서구,화곡8동,호프-간이주점,52.0
강서구,화곡8동,제과점,30.0
강서구,화곡8동,일식음식점,21.0
강서구,화곡8동,치킨전문점,19.0
강서구,화곡8동,패스트푸드점,10.0
강서구,화곡8동,중식음식점,8.0
강서구,화곡8동,양식음식점,4.0
강서구,화곡본동,한식음식점,271.0
강서구,화곡본동,호프-간이주점,103.0
강서구,화곡본동,커피-음료,75.0
강서구,화곡본동,분식전문점,67.0
강서구,화곡본동,양식음식점,37.0
강서구,화곡본동,일식음식점,27.0
강서구,화곡본동,패스트푸드점,24.0
강서구,화곡본동,치킨전문점,20.0
강서구,화곡본동,중식음식점,19.0
강서구,화곡본동,제과점,12.0
관악구,낙성대동,한식음식점,391.0
관악구,낙성대동,호프-간이주점,202.0
관악구,낙성대동,커피-음료,175.0
관악구,낙성대동,양식음식점,154.0
관악구,낙성대동,일식음식점,126.0
관악구,낙성대동,중식음식점,86.0
관악구,낙성대동,분식전문점,60.0
관악구,낙성대동,제과점,46.0
관악구,낙성대동,패스트푸드점,39.0
관악구,낙성대동,치킨전문점,10.0
관악구,난곡동,한식음식점,183.0
관악구,난곡동,호프-간이주점,73.0
관악구,난곡동,커피-음료,46.0
관악구,난곡동,분식전문점,30.0
관악구,난곡동,제과점,28.0
관악구,난곡동,중식음식점,20.0
관악구,난곡동,일식음식점,16.0
관악구,난곡동,패스트푸드점,13.0
관악구,난곡동,치킨전문점,9.0
관악구,난곡동,양식음식점,6.0
관악구,난향동,한식음식점,21.0
관악구,난향동,분식전문점,16.0
관악구,난향동,제과점,10.0
관악구,난향동,커피-음료,8.0
관악구,난향동,호프-간이주점,4.0
관악구,난향동,패스트푸드점,4.0
관악구,난향동,치킨전문점,0.0
관악구,남현동,한식음식점,151.0
관악구,남현동,분식전문점,53.0
관악구,남현동,커피-음료,51.0
관악구,남현동,호프-간이주점,35.0
관악구,남현동,중식음식점,16.0
관악구,남현동,일식음식점,16.0
관악구,남현동,치킨전문점,12.0
관악구,남현동,제과점,7.0
관악구,남현동,패스트푸드점,4.0
관악구,대학동,한식음식점,596.0
관악구,대학동,호프-간이주점,204.0
관악구,대학동,커피-음료,189.0
관악구,대학동,분식전문점,151.0
관악구,대학동,중식음식점,90.0
관악구,대학동,일식음식점,56.0
관악구,대학동,패스트푸드점,50.0
관악구,대학동,양식음식점,47.0
관악구,대학동,제과점,46.0
관악구,대학동,치킨전문점,29.0
관악구,미성동,한식음식점,267.0
관악구,미성동,커피-음료,107.0
관악구,미성동,호프-간이주점,69.0
관악구,미성동,분식전문점,55.0
관악구,미성동,제과점,43.0
관악구,미성동,중식음식점,24.0
관악구,미성동,치킨전문점,20.0
관악구,미성동,양식음식점,17.0
관악구,미성동,일식음식점,16.0
관악구,미성동,패스트푸드점,0.0
관악구,보라매동,한식음식점,253.0
관악구,보라매동,커피-음료,114.0
관악구,보라매동,호프-간이주점,81.0
관악구,보라매동,분식전문점,49.0
관악구,보라매동,중식음식점,42.0
관악구,보라매동,제과점,33.0
관악구,보라매동,양식음식점,28.0
관악구,보라매동,치킨전문점,28.0
관악구,보라매동,패스트푸드점,23.0
관악구,보라매동,일식음식점,16.0
관악구,삼성동,한식음식점,125.0
관악구,삼성동,분식전문점,49.0
관악구,삼성동,호프-간이주점,29.0
관악구,삼성동,커피-음료,27.0
관악구,삼성동,치킨전문점,16.0
관악구,삼성동,중식음식점,12.0
관악구,삼성동,제과점,8.0
관악구,삼성동,패스트푸드점,3.0
관악구,서림동,한식음식점,259.0
관악구,서림동,커피-음료,123.0
관악구,서림동,분식전문점,59.0
관악구,서림동,호프-간이주점,43.0
관악구,서림동,일식음식점,28.0
관악구,서림동,중식음식점,27.0
관악구,서림동,양식음식점,26.0
관악구,서림동,치킨전문점,24.0
관악구,서림동,패스트푸드점,20.0
관악구,서림동,제과점,12.0
관악구,서원동,한식음식점,421.0
관악구,서원동,호프-간이주점,325.0
관악구,서원동,커피-음료,79.0
관악구,서원동,일식음식점,50.0
관악구,서원동,분식전문점,34.0
관악구,서원동,제과점,26.0
관악구,서원동,중식음식점,24.0
관악구,서원동,양식음식점,24.0
관악구,서원동,패스트푸드점,16.0
관악구,서원동,치킨전문점,6.0
관악구,성현동,커피-음료,44.0
관악구,성현동,한식음식점,21.0
관악구,성현동,치킨전문점,16.0
관악구,성현동,분식전문점,12.0
관악구,성현동,양식음식점,12.0
관악구,성현동,패스트푸드점,0.0
관악구,신림동,한식음식점,704.0
관악구,신림동,호프-간이주점,372.0
관악구,신림동,커피-음료,233.0
관악구,신림동,분식전문점,132.0
관악구,신림동,일식음식점,95.0
관악구,신림동,양식음식점,79.0
관악구,신림동,중식음식점,62.0
관악구,신림동,패스트푸드점,60.0
관악구,신림동,제과점,50.0
관악구,신림동,치킨전문점,33.0
관악구,신사동,한식음식점,394.0
관악구,신사동,커피-음료,171.0
관악구,신사동,호프-간이주점,136.0
관악구,신사동,분식전문점,84.0
관악구,신사동,중식음식점,66.0
관악구,신사동,제과점,52.0
관악구,신사동,양식음식점,31.0
관악구,신사동,치킨전문점,16.0
관악구,신사동,일식음식점,15.0
관악구,신사동,패스트푸드점,14.0
관악구,신원동,한식음식점,271.0
관악구,신원동,호프-간이주점,89.0
관악구,신원동,분식전문점,79.0
관악구,신원동,커피-음료,79.0
관악구,신원동,제과점,35.0
관악구,신원동,치킨전문점,26.0
관악구,신원동,일식음식점,17.0
관악구,신원동,중식음식점,12.0
관악구,신원동,양식음식점,10.0
관악구,신원동,패스트푸드점,4.0
관악구,은천동,한식음식점,217.0
관악구,은천동,호프-간이주점,38.0
관악구,은천동,분식전문점,19.0
관악구,은천동,커피-음료,17.0
관악구,은천동,제과점,14.0
관악구,은천동,중식음식점,12.0
관악구,은천동,치킨전문점,5.0
관악구,은천동,패스트푸드점,4.0
관악구,인헌동,한식음식점,211.0
관악구,인헌동,커피-음료,101.0
관악구,인헌동,분식전문점,81.0
관악구,인헌동,호프-간이주점,58.0
관악구,인헌동,치킨전문점,34.0
관악구,인헌동,일식음식점,27.0
관악구,인헌동,제과점,24.0
관악구,인헌동,양식음식점,22.0
관악구,인헌동,중식음식점,20.0
관악구,인헌동,패스트푸드점,20.0
관악구,조원동,한식음식점,260.0
관악구,조원동,호프-간이주점,118.0
관악구,조원동,커피-음료,118.0
관악구,조원동,중식음식점,84.0
관악구,조원동,분식전문점,63.0
관악구,조원동,제과점,24.0
관악구,조원동,일식음식점,21.0
관악구,조원동,양식음식점,20.0
관악구,조원동,패스트푸드점,4.0
관악구,조원동,치킨전문점,4.0
관악구,중앙동,한식음식점,309.0
관악구,중앙동,호프-간이주점,112.0
관악구,중앙동,커피-음료,93.0
관악구,중앙동,패스트푸드점,29.0
관악구,중앙동,일식음식점,29.0
관악구,중앙동,분식전문점,27.0
관악구,중앙동,중식음식점,22.0
관악구,중앙동,양식음식점,15.0
관악구,중앙동,제과점,11.0
관악구,중앙동,치킨전문점,10.0
관악구,청룡동,한식음식점,831.0
관악구,청룡동,호프-간이주점,357.0
관악구,청룡동,커피-음료,218.0
관악구,청룡동,분식전문점,164.0
관악구,청룡동,일식음식점,142.0
관악구,청룡동,중식음식점,103.0
관악구,청룡동,양식음식점,63.0
관악구,청룡동,제과점,58.0
관악구,청룡동,패스트푸드점,42.0
관악구,청룡동,치킨전문점,22.0
관악구,청림동,호프-간이주점,12.0
관악구,청림동,커피-음료,5.0
관악구,청림동,중식음식점,4.0
관악구,행운동,한식음식점,184.0
관악구,행운동,커피-음료,84.0
관악구,행운동,분식전문점,58.0
관악구,행운동,제과점,38.0
관악구,행운동,양식음식점,37.0
관악구,행운동,호프-간이주점,28.0
관악구,행운동,패스트푸드점,24.0
관악구,행운동,치킨전문점,22.0
관악구,행운동,일식음식점,22.0
관악구,행운동,중식음식점,18.0
광진구,광장동,한식음식점,158.0
광진구,광장동,커피-음료,127.0
광진구,광장동,호프-간이주점,40.0
광진구,광장동,분식전문점,30.0
광진구,광장동,일식음식점,23.0
광진구,광장동,양식음식점,21.0
광진구,광장동,중식음식점,12.0
광진구,광장동,제과점,8.0
광진구,광장동,패스트푸드점,0.0
광진구,광장동,치킨전문점,0.0
광진구,구의1동,한식음식점,826.0
광진구,구의1동,호프-간이주점,294.0
광진구,구의1동,커피-음료,249.0
광진구,구의1동,분식전문점,130.0
광진구,구의1동,일식음식점,79.0
광진구,구의1동,중식음식점,79.0
광진구,구의1동,제과점,51.0
광진구,구의1동,치킨전문점,42.0
광진구,구의1동,양식음식점,36.0
광진구,구의1동,패스트푸드점,29.0
광진구,구의2동,한식음식점,86.0
광진구,구의2동,커피-음료,55.0
광진구,구의2동,분식전문점,18.0
광진구,구의2동,패스트푸드점,14.0
광진구,구의2동,제과점,8.0
광진구,구의2동,양식음식점,6.0
광진구,구의2동,일식음식점,4.0
광진구,구의2동,치킨전문점,4.0
광진구,구의2동,호프-간이주점,1.0
광진구,구의3동,한식음식점,397.0
광진구,구의3동,커피-음료,163.0
광진구,구의3동,일식음식점,73.0
광진구,구의3동,분식전문점,72.0
광진구,구의3동,호프-간이주점,67.0
광진구,구의3동,제과점,46.0
광진구,구의3동,양식음식점,45.0
광진구,구의3동,패스트푸드점,41.0
광진구,구의3동,중식음식점,38.0
광진구,구의3동,치킨전문점,8.0
광진구,군자동,한식음식점,894.0
광진구,군자동,호프-간이주점,424.0
광진구,군자동,커피-음료,295.0
광진구,군자동,일식음식점,167.0
광진구,군자동,중식음식점,131.0
광진구,군자동,양식음식점,118.0
광진구,군자동,분식전문점,107.0
광진구,군자동,제과점,85.0
광진구,군자동,패스트푸드점,62.0
광진구,군자동,치킨전문점,60.0
광진구,능동,한식음식점,51.0
광진구,능동,커피-음료,47.0
광진구,능동,양식음식점,15.0
광진구,능동,제과점,14.0
광진구,능동,분식전문점,8.0
광진구,능동,호프-간이주점,8.0
광진구,능동,치킨전문점,6.0
광진구,능동,패스트푸드점,4.0
광진구,자양1동,한식음식점,444.0
광진구,자양1동,커피-음료,136.0
광진구,자양1동,분식전문점,81.0
광진구,자양1동,호프-간이주점,71.0
광진구,자양1동,양식음식점,41.0
광진구,자양1동,치킨전문점,40.0
광진구,자양1동,제과점,37.0
광진구,자양1동,중식음식점,35.0
광진구,자양1동,일식음식점,16.0
광진구,자양1동,패스트푸드점,12.0
광진구,자양2동,한식음식점,262.0
광진구,자양2동,커피-음료,121.0
광진구,자양2동,호프-간이주점,90.0
광진구,자양2동,분식전문점,57.0
광진구,자양2동,일식음식점,43.0
광진구,자양2동,양식음식점,30.0
광진구,자양2동,제과점,26.0
광진구,자양2동,중식음식점,16.0
광진구,자양2동,치킨전문점,16.0
광진구,자양2동,패스트푸드점,10.0
광진구,자양3동,한식음식점,84.0
광진구,자양3동,커피-음료,65.0
광진구,자양3동,분식전문점,12.0
광진구,자양3동,호프-간이주점,12.0
광진구,자양3동,중식음식점,12.0
광진구,자양3동,제과점,10.0
광진구,자양3동,양식음식점,4.0
광진구,자양3동,일식음식점,4.0
광진구,자양3동,패스트푸드점,2.0
광진구,자양3동,치킨전문점,0.0
광진구,자양4동,한식음식점,374.0
광진구,자양4동,중식음식점,276.0
광진구,자양4동,커피-음료,178.0
광진구,자양4동,호프-간이주점,155.0
광진구,자양4동,분식전문점,62.0
광진구,자양4동,제과점,37.0
광진구,자양4동,일식음식점,26.0
광진구,자양4동,양식음식점,17.0
광진구,자양4동,치킨전문점,17.0
광진구,자양4동,패스트푸드점,12.0
광진구,중곡1동,한식음식점,261.0
광진구,중곡1동,호프-간이주점,137.0
광진구,중곡1동,커피-음료,98.0
광진구,중곡1동,분식전문점,58.0
광진구,중곡1동,양식음식점,40.0
광진구,중곡1동,제과점,30.0
광진구,중곡1동,치킨전문점,24.0
광진구,중곡1동,일식음식점,21.0
광진구,중곡1동,중식음식점,20.0
광진구,중곡2동,한식음식점,436.0
광진구,중곡2동,커피-음료,146.0
광진구,중곡2동,호프-간이주점,132.0
광진구,중곡2동,분식전문점,102.0
광진구,중곡2동,양식음식점,70.0
광진구,중곡2동,제과점,54.0
광진구,중곡2동,중식음식점,44.0
광진구,중곡2동,일식음식점,35.0
광진구,중곡2동,치킨전문점,14.0
광진구,중곡2동,패스트푸드점,8.0
광진구,중곡3동,한식음식점,304.0
광진구,중곡3동,호프-간이주점,138.0
광진구,중곡3동,커피-음료,51.0
광진구,중곡3동,제과점,26.0
광진구,중곡3동,분식전문점,23.0
광진구,중곡3동,패스트푸드점,22.0
광진구,중곡3동,양식음식점,22.0
광진구,중곡3동,치킨전문점,13.0
광진구,중곡3동,중식음식점,8.0
광진구,중곡3동,일식음식점,8.0
광진구,중곡4동,한식음식점,273.0
광진구,중곡4동,커피-음료,100.0
광진구,중곡4동,분식전문점,73.0
광진구,중곡4동,호프-간이주점,52.0
광진구,중곡4동,제과점,48.0
광진구,중곡4동,중식음식점,23.0
광진구,중곡4동,패스트푸드점,13.0
광진구,중곡4동,일식음식점,8.0
광진구,중곡4동,치킨전문점,5.0
광진구,화양동,한식음식점,1046.0
광진구,화양동,호프-간이주점,739.0
광진구,화양동,커피-음료,542.0
광진구,화양동,양식음식점,287.0
광진구,화양동,분식전문점,244.0
광진구,화양동,중식음식점,205.0
광진구,화양동,일식음식점,184.0
광진구,화양동,패스트푸드점,100.0
광진구,화양동,제과점,96.0
광진구,화양동,치킨전문점,20.0
구로구,가리봉동,한식음식점,414.0
구로구,가리봉동,중식음식점,214.0
구로구,가리봉동,호프-간이주점,212.0
구로구,가리봉동,커피-음료,58.0
구로구,가리봉동,분식전문점,54.0
구로구,가리봉동,양식음식점,17.0
구로구,가리봉동,제과점,16.0
구로구,가리봉동,치킨전문점,16.0
구로구,가리봉동,패스트푸드점,8.0
구로구,가리봉동,일식음식점,8.0
구로구,개봉1동,한식음식점,213.0
구로구,개봉1동,호프-간이주점,43.0
구로구,개봉1동,분식전문점,39.0
구로구,개봉1동,커피-음료,31.0
구로구,개봉1동,제과점,15.0
구로구,개봉1동,중식음식점,12.0
구로구,개봉1동,일식음식점,12.0
구로구,개봉1동,양식음식점,8.0
구로구,개봉1동,패스트푸드점,8.0
구로구,개봉1동,치킨전문점,7.0
구로구,개봉2동,한식음식점,53.0
구로구,개봉2동,호프-간이주점,41.0
구로구,개봉2동,커피-음료,26.0
구로구,개봉2동,중식음식점,17.0
구로구,개봉2동,제과점,14.0
구로구,개봉2동,분식전문점,14.0
구로구,개봉2동,치킨전문점,11.0
구로구,개봉2동,패스트푸드점,4.0
구로구,개봉3동,한식음식점,332.0
구로구,개봉3동,커피-음료,117.0
구로구,개봉3동,호프-간이주점,109.0
구로구,개봉3동,분식전문점,70.0
구로구,개봉3동,제과점,32.0
구로구,개봉3동,패스트푸드점,29.0
구로구,개봉3동,중식음식점,25.0
구로구,개봉3동,치킨전문점,21.0
구로구,개봉3동,일식음식점,20.0
구로구,개봉3동,양식음식점,20.0
구로구,고척1동,한식음식점,213.0
구로구,고척1동,커피-음료,67.0
구로구,고척1동,호프-간이주점,60.0
구로구,고척1동,분식전문점,49.0
구로구,고척1동,중식음식점,31.0
구로구,고척1동,치킨전문점,24.0
구로구,고척1동,일식음식점,22.0
구로구,고척1동,패스트푸드점,21.0
구로구,고척1동,제과점,18.0
구로구,고척1동,양식음식점,10.0
구로구,고척2동,한식음식점,496.0
구로구,고척2동,호프-간이주점,157.0
구로구,고척2동,커피-음료,136.0
구로구,고척2동,분식전문점,132.0
구로구,고척2동,제과점,49.0
구로구,고척2동,중식음식점,41.0
구로구,고척2동,일식음식점,37.0
구로구,고척2동,치킨전문점,30.0
구로구,고척2동,양식음식점,18.0
구로구,고척2동,패스트푸드점,12.0
구로구,구로2동,한식음식점,877.0
구로구,구로2동,호프-간이주점,383.0
구로구,구로2동,중식음식점,325.0
구로구,구로2동,커피-음료,160.0
구로구,구로2동,분식전문점,124.0
구로구,구로2동,제과점,54.0
구로구,구로2동,일식음식점,46.0
구로구,구로2동,양식음식점,24.0
구로구,구로2동,패스트푸드점,20.0
구로구,구로2동,치킨전문점,16.0
구로구,구로3동,한식음식점,1172.0
구로구,구로3동,커피-음료,355.0
구로구,구로3동,호프-간이주점,293.0
구로구,구로3동,중식음식점,204.0
구로구,구로3동,일식음식점,158.0
구로구,구로3동,분식전문점,143.0
구로구,구로3동,양식음식점,126.0
구로구,구로3동,패스트푸드점,60.0
구로구,구로3동,제과점,34.0
구로구,구로3동,치킨전문점,29.0
구로구,구로4동,한식음식점,566.0
구로구,구로4동,호프-간이주점,378.0
구로구,구로4동,중식음식점,339.0
구로구,구로4동,분식전문점,78.0
구로구,구로4동,커피-음료,67.0
구로구,구로4동,제과점,39.0
구로구,구로4동,치킨전문점,28.0
구로구,구로4동,양식음식점,6.0
구로구,구로4동,일식음식점,4.0
구로구,구로4동,패스트푸드점,4.0
구로구,구로5동,한식음식점,1017.0
구로구,구로5동,커피-음료,318.0
구로구,구로5동,호프-간이주점,243.0
구로구,구로5동,분식전문점,191.0
구로구,구로5동,중식음식점,174.0
구로구,구로5동,일식음식점,108.0
구로구,구로5동,제과점,74.0
구로구,구로5동,양식음식점,73.0
구로구,구로5동,패스트푸드점,73.0
구로구,구로5동,치킨전문점,27.0
구로구,수궁동,한식음식점,119.0
구로구,수궁동,호프-간이주점,48.0
구로구,수궁동,분식전문점,44.0
구로구,수궁동,커피-음료,28.0
구로구,수궁동,치킨전문점,12.0
구로구,수궁동,중식음식점,12.0
구로구,수궁동,패스트푸드점,9.0
구로구,수궁동,제과점,4.0
구로구,수궁동,양식음식점,4.0
구로구,수궁동,일식음식점,2.0
구로구,신도림동,한식음식점,100.0
구로구,신도림동,커피-음료,24.0
구로구,신도림동,호프-간이주점,22.0
구로구,신도림동,분식전문점,4.0
구로구,신도림동,치킨전문점,4.0
구로구,신도림동,일식음식점,4.0
구로구,신도림동,중식음식점,3.0
구로구,신도림동,양식음식점,3.0
구로구,신도림동,제과점,1.0
구로구,신도림동,패스트푸드점,0.0
구로구,오류1동,한식음식점,331.0
구로구,오류1동,호프-간이주점,127.0
구로구,오류1동,커피-음료,75.0
구로구,오류1동,분식전문점,52.0
구로구,오류1동,중식음식점,35.0
구로구,오류1동,제과점,32.0
구로구,오류1동,일식음식점,26.0
구로구,오류1동,치킨전문점,15.0
구로구,오류1동,양식음식점,9.0
구로구,오류1동,패스트푸드점,6.0
구로구,오류2동,한식음식점,216.0
구로구,오류2동,분식전문점,75.0
구로구,오류2동,호프-간이주점,48.0
구로구,오류2동,중식음식점,29.0
구로구,오류2동,커피-음료,25.0
구로구,오류2동,패스트푸드점,17.0
구로구,오류2동,제과점,17.0
구로구,오류2동,일식음식점,12.0
구로구,오류2동,치킨전문점,12.0
구로구,오류2동,양식음식점,4.0
금천구,가산동,한식음식점,1900.0
금천구,가산동,커피-음료,772.0
금천구,가산동,중식음식점,291.0
금천구,가산동,호프-간이주점,271.0
금천구,가산동,일식음식점,232.0
금천구,가산동,분식전문점,215.0
금천구,가산동,양식음식점,170.0
금천구,가산동,제과점,97.0
금천구,가산동,패스트푸드점,76.0
금천구,가산동,치킨전문점,40.0
금천구,독산1동,한식음식점,752.0
금천구,독산1동,호프-간이주점,177.0
금천구,독산1동,커피-음료,138.0
금천구,독산1동,분식전문점,115.0
금천구,독산1동,중식음식점,114.0
금천구,독산1동,치킨전문점,54.0
금천구,독산1동,제과점,34.0
금천구,독산1동,패스트푸드점,32.0
금천구,독산1동,양식음식점,31.0
금천구,독산1동,일식음식점,30.0
금천구,독산2동,한식음식점,214.0
금천구,독산2동,분식전문점,60.0
금천구,독산2동,호프-간이주점,55.0
금천구,독산2동,커피-음료,51.0
금천구,독산2동,중식음식점,33.0
금천구,독산2동,제과점,18.0
금천구,독산2동,치킨전문점,12.0
금천구,독산2동,양식음식점,11.0
금천구,독산2동,패스트푸드점,8.0
금천구,독산2동,일식음식점,5.0
금천구,독산3동,한식음식점,521.0
금천구,독산3동,호프-간이주점,244.0
금천구,독산3동,중식음식점,196.0
금천구,독산3동,커피-음료,120.0
금천구,독산3동,분식전문점,112.0
금천구,독산3동,제과점,37.0
금천구,독산3동,치킨전문점,28.0
금천구,독산3동,일식음식점,12.0
금천구,독산3동,양식음식점,12.0
금천구,독산3동,패스트푸드점,9.0
금천구,독산4동,한식음식점,316.0
금천구,독산4동,호프-간이주점,185.0
금천구,독산4동,중식음식점,81.0
금천구,독산4동,분식전문점,60.0
금천구,독산4동,커피-음료,55.0
금천구,독산4동,일식음식점,18.0
금천구,독산4동,패스트푸드점,13.0
금천구,독산4동,치킨전문점,11.0
금천구,독산4동,제과점,9.0
금천구,독산4동,양식음식점,8.0
금천구,시흥1동,한식음식점,919.0
금천구,시흥1동,호프-간이주점,391.0
금천구,시흥1동,분식전문점,141.0
금천구,시흥1동,커피-음료,141.0
금천구,시흥1동,중식음식점,114.0
금천구,시흥1동,제과점,59.0
금천구,시흥1동,일식음식점,45.0
금천구,시흥1동,치킨전문점,45.0
금천구,시흥1동,양식음식점,32.0
금천구,시흥1동,패스트푸드점,30.0
금천구,시흥2동,한식음식점,54.0
금천구,시흥2동,호프-간이주점,16.0
금천구,시흥2동,커피-음료,12.0
금천구,시흥2동,중식음식점,10.0
금천구,시흥2동,양식음식점,8.0
금천구,시흥2동,일식음식점,4.0
금천구,시흥2동,제과점,4.0
금천구,시흥2동,분식전문점,4.0
금천구,시흥2동,패스트푸드점,0.0
금천구,시흥2동,치킨전문점,0.0
금천구,시흥3동,한식음식점,157.0
금천구,시흥3동,호프-간이주점,40.0
금천구,시흥3동,커피-음료,31.0
금천구,시흥3동,중식음식점,20.0
금천구,시흥3동,분식전문점,17.0
금천구,시흥3동,치킨전문점,16.0
금천구,시흥3동,제과점,11.0
금천구,시흥3동,양식음식점,4.0
금천구,시흥3동,일식음식점,4.0
금천구,시흥4동,한식음식점,155.0
금천구,시흥4동,분식전문점,62.0
금천구,시흥4동,호프-간이주점,54.0
금천구,시흥4동,커피-음료,39.0
금천구,시흥4동,제과점,20.0
금천구,시흥4동,일식음식점,15.0
금천구,시흥4동,중식음식점,10.0
금천구,시흥4동,치킨전문점,8.0
금천구,시흥4동,패스트푸드점,8.0
금천구,시흥5동,한식음식점,184.0
금천구,시흥5동,커피-음료,56.0
금천구,시흥5동,분식전문점,55.0
금천구,시흥5동,호프-간이주점,48.0
금천구,시흥5동,제과점,36.0
금천구,시흥5동,치킨전문점,23.0
금천구,시흥5동,중식음식점,16.0
금천구,시흥5동,일식음식점,11.0
금천구,시흥5동,패스트푸드점,11.0
금천구,시흥5동,양식음식점,4.0
노원구,공릉1동,한식음식점,707.0
노원구,공릉1동,커피-음료,366.0
노원구,공릉1동,호프-간이주점,188.0
노원구,공릉1동,분식전문점,158.0
노원구,공릉1동,제과점,115.0
노원구,공릉1동,일식음식점,66.0
노원구,공릉1동,양식음식점,66.0
노원구,공릉1동,치킨전문점,52.0
노원구,공릉1동,중식음식점,43.0
노원구,공릉1동,패스트푸드점,20.0
노원구,공릉2동,한식음식점,271.0
노원구,공릉2동,커피-음료,86.0
노원구,공릉2동,분식전문점,64.0
노원구,공릉2동,호프-간이주점,52.0
노원구,공릉2동,양식음식점,51.0
노원구,공릉2동,제과점,31.0
노원구,공릉2동,일식음식점,30.0
노원구,공릉2동,패스트푸드점,27.0
노원구,공릉2동,중식음식점,24.0
노원구,공릉2동,치킨전문점,4.0
노원구,상계10동,한식음식점,19.0
노원구,상계10동,제과점,8.0
노원구,상계10동,패스트푸드점,8.0
노원구,상계10동,커피-음료,8.0
노원구,상계10동,호프-간이주점,8.0
노원구,상계10동,분식전문점,5.0
노원구,상계10동,일식음식점,5.0
노원구,상계1동,한식음식점,446.0
노원구,상계1동,커피-음료,132.0
노원구,상계1동,호프-간이주점,131.0
노원구,상계1동,분식전문점,77.0
노원구,상계1동,중식음식점,45.0
노원구,상계1동,치킨전문점,38.0
노원구,상계1동,제과점,34.0
노원구,상계1동,일식음식점,20.0
노원구,상계1동,패스트푸드점,18.0
노원구,상계1동,양식음식점,16.0
노원구,상계2동,한식음식점,1191.0
노원구,상계2동,호프-간이주점,462.0
노원구,상계2동,커피-음료,285.0
노원구,상계2동,분식전문점,214.0
노원구,상계2동,일식음식점,189.0
노원구,상계2동,제과점,152.0
노원구,상계2동,양식음식점,144.0
노원구,상계2동,중식음식점,116.0
노원구,상계2동,치킨전문점,77.0
노원구,상계2동,패스트푸드점,62.0
노원구,상계3·4동,한식음식점,131.0
노원구,상계3·4동,호프-간이주점,61.0
노원구,상계3·4동,분식전문점,38.0
노원구,상계3·4동,커피-음료,32.0
노원구,상계3·4동,치킨전문점,16.0
노원구,상계3·4동,중식음식점,8.0
노원구,상계3·4동,양식음식점,5.0
노원구,상계3·4동,제과점,2.0
노원구,상계3·4동,패스트푸드점,2.0
노원구,상계5동,한식음식점,461.0
노원구,상계5동,호프-간이주점,169.0
노원구,상계5동,커피-음료,114.0
노원구,상계5동,분식전문점,78.0
노원구,상계5동,제과점,74.0
노원구,상계5동,패스트푸드점,32.0
노원구,상계5동,중식음식점,28.0
노원구,상계5동,치킨전문점,21.0
노원구,상계5동,양식음식점,18.0
노원구,상계5동,일식음식점,16.0
노원구,상계6·7동,한식음식점,63.0
노원구,상계6·7동,분식전문점,25.0
노원구,상계6·7동,커피-음료,20.0
노원구,상계6·7동,호프-간이주점,12.0
노원구,상계6·7동,양식음식점,12.0
노원구,상계6·7동,중식음식점,8.0
노원구,상계6·7동,일식음식점,6.0
노원구,상계6·7동,패스트푸드점,4.0
노원구,상계6·7동,치킨전문점,1.0
노원구,상계6·7동,제과점,0.0
노원구,상계9동,한식음식점,75.0
노원구,상계9동,분식전문점,22.0
노원구,상계9동,호프-간이주점,16.0
노원구,상계9동,제과점,16.0
노원구,상계9동,일식음식점,12.0
노원구,상계9동,치킨전문점,12.0
노원구,상계9동,양식음식점,9.0
노원구,상계9동,중식음식점,4.0
노원구,상계9동,커피-음료,4.0
노원구,상계9동,패스트푸드점,4.0
노원구,월계1동,한식음식점,392.0
노원구,월계1동,분식전문점,85.0
노원구,월계1동,호프-간이주점,84.0
노원구,월계1동,커피-음료,80.0
노원구,월계1동,중식음식점,48.0
노원구,월계1동,양식음식점,44.0
노원구,월계1동,일식음식점,26.0
노원구,월계1동,치킨전문점,24.0
노원구,월계1동,제과점,12.0
노원구,월계1동,패스트푸드점,10.0
노원구,월계2동,한식음식점,24.0
노원구,월계2동,커피-음료,20.0
노원구,월계2동,분식전문점,8.0
노원구,월계2동,제과점,8.0
노원구,월계2동,일식음식점,8.0
노원구,월계2동,패스트푸드점,7.0
노원구,월계2동,중식음식점,4.0
노원구,월계2동,양식음식점,4.0
노원구,월계2동,치킨전문점,4.0
노원구,중계2·3동,한식음식점,148.0
노원구,중계2·3동,분식전문점,49.0
노원구,중계2·3동,커피-음료,32.0
노원구,중계2·3동,호프-간이주점,23.0
노원구,중계2·3동,양식음식점,22.0
노원구,중계2·3동,치킨전문점,20.0
노원구,중계2·3동,중식음식점,17.0
노원구,중계2·3동,일식음식점,16.0
노원구,중계2·3동,제과점,12.0
노원구,중계2·3동,패스트푸드점,11.0
노원구,중계4동,한식음식점,324.0
노원구,중계4동,호프-간이주점,107.0
노원구,중계4동,분식전문점,55.0
노원구,중계4동,커피-음료,54.0
노원구,중계4동,중식음식점,26.0
노원구,중계4동,치킨전문점,19.0
노원구,중계4동,양식음식점,18.0
노원구,중계4동,일식음식점,17.0
노원구,중계4동,제과점,10.0
노원구,중계4동,패스트푸드점,9.0
노원구,중계본동,한식음식점,161.0
노원구,중계본동,커피-음료,83.0
노원구,중계본동,분식전문점,82.0
노원구,중계본동,제과점,36.0
노원구,중계본동,양식음식점,36.0
노원구,중계본동,중식음식점,29.0
노원구,중계본동,호프-간이주점,24.0
노원구,중계본동,치킨전문점,24.0
노원구,중계본동,일식음식점,23.0
노원구,중계본동,패스트푸드점,14.0
노원구,하계1동,한식음식점,68.0
노원구,하계1동,커피-음료,41.0
노원구,하계1동,패스트푸드점,12.0
노원구,하계1동,호프-간이주점,12.0
노원구,하계1동,일식음식점,8.0
노원구,하계1동,양식음식점,8.0
노원구,하계1동,제과점,8.0
노원구,하계1동,중식음식점,7.0
노원구,하계1동,분식전문점,7.0
노원구,하계1동,치킨전문점,4.0
도봉구,도봉1동,한식음식점,719.0
도봉구,도봉1동,호프-간이주점,160.0
도봉구,도봉1동,커피-음료,126.0
도봉구,도봉1동,분식전문점,36.0
도봉구,도봉1동,중식음식점,34.0
도봉구,도봉1동,치킨전문점,28.0
도봉구,도봉1동,양식음식점,20.0
도봉구,도봉1동,일식음식점,20.0
도봉구,도봉1동,제과점,19.0
도봉구,도봉1동,패스트푸드점,0.0
도봉구,도봉2동,한식음식점,147.0
도봉구,도봉2동,호프-간이주점,48.0
도봉구,도봉2동,커피-음료,32.0
도봉구,도봉2동,분식전문점,21.0
도봉구,도봉2동,치킨전문점,12.0
도봉구,도봉2동,중식음식점,8.0
도봉구,도봉2동,양식음식점,8.0
도봉구,도봉2동,일식음식점,7.0
도봉구,도봉2동,패스트푸드점,4.0
도봉구,도봉2동,제과점,0.0
도봉구,방학1동,한식음식점,720.0
도봉구,방학1동,호프-간이주점,302.0
도봉구,방학1동,커피-음료,150.0
도봉구,방학1동,분식전문점,100.0
도봉구,방학1동,치킨전문점,55.0
도봉구,방학1동,제과점,55.0
도봉구,방학1동,중식음식점,46.0
도봉구,방학1동,일식음식점,34.0
도봉구,방학1동,패스트푸드점,31.0
도봉구,방학1동,양식음식점,24.0
도봉구,방학2동,한식음식점,318.0
도봉구,방학2동,분식전문점,93.0
도봉구,방학2동,커피-음료,68.0
도봉구,방학2동,호프-간이주점,53.0
도봉구,방학2동,제과점,32.0
도봉구,방학2동,치킨전문점,24.0
도봉구,방학2동,중식음식점,20.0
도봉구,방학2동,양식음식점,12.0
도봉구,방학2동,패스트푸드점,10.0
도봉구,방학2동,일식음식점,2.0
도봉구,방학3동,한식음식점,29.0
도봉구,방학3동,커피-음료,9.0
도봉구,방학3동,분식전문점,8.0
도봉구,방학3동,제과점,8.0
도봉구,방학3동,중식음식점,8.0
도봉구,방학3동,양식음식점,8.0
도봉구,방학3동,패스트푸드점,0.0
도봉구,방학3동,치킨전문점,0.0
도봉구,방학3동,호프-간이주점,0.0
도봉구,쌍문1동,한식음식점,88.0
도봉구,쌍문1동,커피-음료,78.0
도봉구,쌍문1동,분식전문점,57.0
도봉구,쌍문1동,호프-간이주점,31.0
도봉구,쌍문1동,양식음식점,31.0
도봉구,쌍문1동,일식음식점,25.0
도봉구,쌍문1동,중식음식점,20.0
도봉구,쌍문1동,제과점,16.0
도봉구,쌍문1동,치킨전문점,15.0
도봉구,쌍문1동,패스트푸드점,4.0
도봉구,쌍문2동,한식음식점,243.0
도봉구,쌍문2동,커피-음료,78.0
도봉구,쌍문2동,호프-간이주점,57.0
도봉구,쌍문2동,분식전문점,45.0
도봉구,쌍문2동,패스트푸드점,17.0
도봉구,쌍문2동,일식음식점,17.0
도봉구,쌍문2동,중식음식점,16.0
도봉구,쌍문2동,치킨전문점,16.0
도봉구,쌍문2동,양식음식점,13.0
도봉구,쌍문2동,제과점,4.0
도봉구,쌍문3동,한식음식점,251.0
도봉구,쌍문3동,호프-간이주점,84.0
도봉구,쌍문3동,커피-음료,61.0
도봉구,쌍문3동,분식전문점,46.0
도봉구,쌍문3동,일식음식점,43.0
도봉구,쌍문3동,치킨전문점,36.0
도봉구,쌍문3동,제과점,33.0
도봉구,쌍문3동,양식음식점,24.0
도봉구,쌍문3동,중식음식점,12.0
도봉구,쌍문3동,패스트푸드점,8.0
도봉구,쌍문4동,한식음식점,4.0
도봉구,쌍문4동,양식음식점,4.0
도봉구,쌍문4동,중식음식점,4.0
도봉구,쌍문4동,호프-간이주점,4.0
도봉구,쌍문4동,커피-음료,0.0
도봉구,쌍문4동,치킨전문점,0.0
도봉구,창1동,한식음식점,161.0
도봉구,창1동,커피-음료,47.0
도봉구,창1동,분식전문점,46.0
도봉구,창1동,호프-간이주점,44.0
도봉구,창1동,제과점,37.0
도봉구,창1동,일식음식점,26.0
도봉구,창1동,양식음식점,20.0
도봉구,창1동,패스트푸드점,12.0
도봉구,창1동,중식음식점,11.0
도봉구,창1동,치킨전문점,8.0
도봉구,창2동,한식음식점,184.0
도봉구,창2동,분식전문점,41.0
도봉구,창2동,커피-음료,40.0
도봉구,창2동,호프-간이주점,28.0
도봉구,창2동,제과점,20.0
도봉구,창2동,중식음식점,12.0
도봉구,창2동,치킨전문점,12.0
도봉구,창2동,패스트푸드점,8.0
도봉구,창2동,일식음식점,8.0
도봉구,창3동,한식음식점,282.0
도봉구,창3동,호프-간이주점,120.0
도봉구,창3동,커피-음료,94.0
도봉구,창3동,분식전문점,57.0
도봉구,창3동,치킨전문점,20.0
도봉구,창3동,일식음식점,19.0
도봉구,창3동,제과점,17.0
도봉구,창3동,중식음식점,13.0
도봉구,창3동,패스트푸드점,7.0
도봉구,창3동,양식음식점,2.0
도봉구,창4동,한식음식점,174.0
도봉구,창4동,호프-간이주점,87.0
도봉구,창4동,커피-음료,22.0
도봉구,창4동,분식전문점,16.0
도봉구,창4동,중식음식점,16.0
도봉구,창4동,일식음식점,10.0
도봉구,창4동,패스트푸드점,8.0
도봉구,창4동,치킨전문점,4.0
도봉구,창4동,양식음식점,4.0
도봉구,창4동,제과점,0.0
도봉구,창5동,한식음식점,341.0
도봉구,창5동,호프-간이주점,107.0
도봉구,창5동,커피-음료,96.0
도봉구,창5동,분식전문점,60.0
도봉구,창5동,일식음식점,36.0
도봉구,창5동,양식음식점,32.0
도봉구,창5동,제과점,31.0
도봉구,창5동,중식음식점,30.0
도봉구,창5동,패스트푸드점,16.0
도봉구,창5동,치킨전문점,13.0
동대문구,답십리1동,한식음식점,216.0
동대문구,답십리1동,커피-음료,108.0
동대문구,답십리1동,분식전문점,57.0
동대문구,답십리1동,호프-간이주점,32.0
동대문구,답십리1동,제과점,32.0
동대문구,답십리1동,패스트푸드점,23.0
동대문구,답십리1동,양식음식점,17.0
동대문구,답십리1동,중식음식점,16.0
동대문구,답십리1동,치킨전문점,15.0
동대문구,답십리1동,일식음식점,9.0
동대문구,답십리2동,한식음식점,348.0
동대문구,답십리2동,호프-간이주점,81.0
동대문구,답십리2동,커피-음료,66.0
동대문구,답십리2동,분식전문점,66.0
동대문구,답십리2동,제과점,34.0
동대문구,답십리2동,양식음식점,27.0
동대문구,답십리2동,치킨전문점,20.0
동대문구,답십리2동,일식음식점,14.0
동대문구,답십리2동,중식음식점,10.0
동대문구,답십리2동,패스트푸드점,10.0
동대문구,용신동,한식음식점,1200.0
동대문구,용신동,커피-음료,257.0
동대문구,용신동,호프-간이주점,204.0
동대문구,용신동,분식전문점,155.0
동대문구,용신동,중식음식점,68.0
동대문구,용신동,양식음식점,63.0
동대문구,용신동,일식음식점,55.0
동대문구,용신동,제과점,45.0
동대문구,용신동,패스트푸드점,23.0
동대문구,용신동,치킨전문점,20.0
동대문구,이문1동,한식음식점,254.0
동대문구,이문1동,커피-음료,129.0
동대문구,이문1동,호프-간이주점,109.0
동대문구,이문1동,양식음식점,82.0
동대문구,이문1동,분식전문점,63.0
동대문구,이문1동,중식음식점,56.0
동대문구,이문1동,패스트푸드점,32.0
동대문구,이문1동,제과점,27.0
동대문구,이문1동,일식음식점,24.0
동대문구,이문1동,치킨전문점,12.0
동대문구,이문2동,호프-간이주점,12.0
동대문구,이문2동,한식음식점,8.0
동대문구,이문2동,일식음식점,4.0
동대문구,이문2동,치킨전문점,4.0
동대문구,이문2동,제과점,3.0
동대문구,장안1동,한식음식점,1098.0
동대문구,장안1동,커피-음료,233.0
동대문구,장안1동,호프-간이주점,213.0
동대문구,장안1동,분식전문점,140.0
동대문구,장안1동,양식음식점,84.0
동대문구,장안1동,일식음식점,81.0
동대문구,장안1동,중식음식점,81.0
동대문구,장안1동,제과점,53.0
동대문구,장안1동,패스트푸드점,24.0
동대문구,장안1동,치킨전문점,16.0
동대문구,장안2동,한식음식점,830.0
동대문구,장안2동,호프-간이주점,206.0
동대문구,장안2동,커피-음료,178.0
동대문구,장안2동,분식전문점,139.0
동대문구,장안2동,일식음식점,62.0
동대문구,장안2동,양식음식점,50.0
동대문구,장안2동,중식음식점,47.0
동대문구,장안2동,제과점,35.0
동대문구,장안2동,패스트푸드점,25.0
동대문구,장안2동,치킨전문점,11.0
동대문구,전농1동,한식음식점,723.0
동대문구,전농1동,커피-음료,245.0
동대문구,전농1동,호프-간이주점,166.0
동대문구,전농1동,분식전문점,128.0
동대문구,전농1동,중식음식점,76.0
동대문구,전농1동,양식음식점,74.0
동대문구,전농1동,제과점,70.0
동대문구,전농1동,일식음식점,39.0
동대문구,전농1동,치킨전문점,34.0
동대문구,전농1동,패스트푸드점,31.0
동대문구,전농2동,한식음식점,83.0
동대문구,전농2동,커피-음료,28.0
동대문구,전농2동,분식전문점,23.0
동대문구,전농2동,중식음식점,16.0
동대문구,전농2동,호프-간이주점,8.0
동대문구,전농2동,양식음식점,4.0
동대문구,전농2동,패스트푸드점,4.0
동대문구,전농2동,일식음식점,4.0
동대문구,전농2동,제과점,0.0
동대문구,전농2동,치킨전문점,0.0
동대문구,제기동,한식음식점,1246.0
동대문구,제기동,커피-음료,277.0
동대문구,제기동,호프-간이주점,260.0
동대문구,제기동,분식전문점,157.0
동대문구,제기동,중식음식점,87.0
동대문구,제기동,제과점,70.0
동대문구,제기동,치킨전문점,69.0
동대문구,제기동,양식음식점,66.0
동대문구,제기동,일식음식점,41.0
동대문구,제기동,패스트푸드점,27.0
동대문구,청량리동,한식음식점,100.0
동대문구,청량리동,호프-간이주점,30.0
동대문구,청량리동,커피-음료,27.0
동대문구,청량리동,중식음식점,13.0
동대문구,청량리동,분식전문점,12.0
동대문구,청량리동,치킨전문점,4.0
동대문구,청량리동,제과점,4.0
동대문구,청량리동,일식음식점,4.0
동대문구,청량리동,패스트푸드점,0.0
동대문구,회기동,한식음식점,425.0
동대문구,회기동,커피-음료,262.0
동대문구,회기동,호프-간이주점,238.0
동대문구,회기동,중식음식점,203.0
동대문구,회기동,분식전문점,131.0
동대문구,회기동,양식음식점,115.0
동대문구,회기동,일식음식점,90.0
동대문구,회기동,제과점,84.0
동대문구,회기동,패스트푸드점,60.0
동대문구,회기동,치킨전문점,14.0
동대문구,휘경1동,한식음식점,282.0
동대문구,휘경1동,커피-음료,91.0
동대문구,휘경1동,호프-간이주점,78.0
동대문구,휘경1동,분식전문점,55.0
동대문구,휘경1동,치킨전문점,39.0
동대문구,휘경1동,양식음식점,25.0
동대문구,휘경1동,제과점,23.0
동대문구,휘경1동,일식음식점,20.0
동대문구,휘경1동,패스트푸드점,12.0
동대문구,휘경1동,중식음식점,11.0
동대문구,휘경2동,한식음식점,106.0
동대문구,휘경2동,커피-음료,92.0
동대문구,휘경2동,분식전문점,41.0
동대문구,휘경2동,호프-간이주점,30.0
동대문구,휘경2동,패스트푸드점,28.0
동대문구,휘경2동,일식음식점,18.0
동대문구,휘경2동,양식음식점,12.0
동대문구,휘경2동,치킨전문점,12.0
동대문구,휘경2동,중식음식점,8.0
동대문구,휘경2동,제과점,4.0
동작구,노량진1동,한식음식점,618.0
동작구,노량진1동,커피-음료,223.0
동작구,노량진1동,호프-간이주점,191.0
동작구,노량진1동,분식전문점,178.0
동작구,노량진1동,중식음식점,74.0
동작구,노량진1동,일식음식점,58.0
동작구,노량진1동,양식음식점,56.0
동작구,노량진1동,제과점,46.0
동작구,노량진1동,패스트푸드점,31.0
동작구,노량진1동,치킨전문점,20.0
동작구,노량진2동,한식음식점,212.0
동작구,노량진2동,호프-간이주점,45.0
동작구,노량진2동,커피-음료,37.0
동작구,노량진2동,양식음식점,31.0
동작구,노량진2동,중식음식점,16.0
동작구,노량진2동,분식전문점,16.0
동작구,노량진2동,일식음식점,10.0
동작구,노량진2동,패스트푸드점,8.0
동작구,노량진2동,치킨전문점,4.0
동작구,노량진2동,제과점,1.0
동작구,대방동,한식음식점,293.0
동작구,대방동,커피-음료,170.0
동작구,대방동,호프-간이주점,97.0
동작구,대방동,분식전문점,78.0
동작구,대방동,패스트푸드점,54.0
동작구,대방동,중식음식점,45.0
동작구,대방동,일식음식점,44.0
동작구,대방동,치킨전문점,24.0
동작구,대방동,제과점,22.0
동작구,대방동,양식음식점,4.0
동작구,사당1동,한식음식점,547.0
동작구,사당1동,호프-간이주점,292.0
동작구,사당1동,커피-음료,231.0
동작구,사당1동,양식음식점,59.0
동작구,사당1동,일식음식점,57.0
동작구,사당1동,분식전문점,56.0
동작구,사당1동,중식음식점,39.0
동작구,사당1동,제과점,37.0
동작구,사당1동,치킨전문점,36.0
동작구,사당1동,패스트푸드점,17.0
동작구,사당2동,한식음식점,741.0
동작구,사당2동,호프-간이주점,314.0
동작구,사당2동,커피-음료,194.0
동작구,사당2동,분식전문점,147.0
동작구,사당2동,양식음식점,98.0
동작구,사당2동,중식음식점,95.0
동작구,사당2동,일식음식점,90.0
동작구,사당2동,제과점,80.0
동작구,사당2동,패스트푸드점,55.0
동작구,사당2동,치킨전문점,43.0
동작구,사당3동,한식음식점,84.0
동작구,사당3동,커피-음료,42.0
동작구,사당3동,호프-간이주점,21.0
동작구,사당3동,양식음식점,12.0
동작구,사당3동,중식음식점,11.0
동작구,사당3동,치킨전문점,11.0
동작구,사당3동,패스트푸드점,4.0
동작구,사당3동,제과점,4.0
동작구,사당3동,일식음식점,4.0
동작구,사당3동,분식전문점,0.0
동작구,사당4동,한식음식점,171.0
동작구,사당4동,커피-음료,66.0
동작구,사당4동,분식전문점,63.0
동작구,사당4동,호프-간이주점,60.0
동작구,사당4동,제과점,31.0
동작구,사당4동,중식음식점,23.0
동작구,사당4동,패스트푸드점,23.0
동작구,사당4동,치킨전문점,16.0
동작구,사당4동,일식음식점,12.0
동작구,사당4동,양식음식점,8.0
동작구,사당5동,한식음식점,36.0
동작구,사당5동,커피-음료,26.0
동작구,사당5동,치킨전문점,4.0
동작구,사당5동,패스트푸드점,4.0
동작구,사당5동,중식음식점,4.0
동작구,사당5동,양식음식점,0.0
동작구,상도1동,한식음식점,452.0
동작구,상도1동,커피-음료,194.0
동작구,상도1동,호프-간이주점,142.0
동작구,상도1동,양식음식점,113.0
동작구,상도1동,분식전문점,105.0
동작구,상도1동,제과점,63.0
동작구,상도1동,중식음식점,59.0
동작구,상도1동,일식음식점,45.0
동작구,상도1동,패스트푸드점,34.0
동작구,상도1동,치킨전문점,20.0
동작구,상도2동,한식음식점,316.0
동작구,상도2동,커피-음료,138.0
동작구,상도2동,호프-간이주점,60.0
동작구,상도2동,중식음식점,40.0
동작구,상도2동,분식전문점,39.0
동작구,상도2동,일식음식점,32.0
동작구,상도2동,제과점,26.0
동작구,상도2동,패스트푸드점,24.0
동작구,상도2동,양식음식점,16.0
동작구,상도2동,치킨전문점,12.0
동작구,상도3동,한식음식점,119.0
동작구,상도3동,커피-음료,51.0
동작구,상도3동,분식전문점,30.0
동작구,상도3동,호프-간이주점,29.0
동작구,상도3동,제과점,24.0
동작구,상도3동,치킨전문점,22.0
동작구,상도3동,중식음식점,20.0
동작구,상도3동,양식음식점,20.0
동작구,상도3동,패스트푸드점,16.0
동작구,상도3동,일식음식점,4.0
동작구,상도4동,한식음식점,192.0
동작구,상도4동,커피-음료,67.0
동작구,상도4동,호프-간이주점,36.0
동작구,상도4동,분식전문점,24.0
동작구,상도4동,패스트푸드점,12.0
동작구,상도4동,치킨전문점,12.0
동작구,상도4동,중식음식점,12.0
동작구,상도4동,양식음식점,8.0
동작구,상도4동,제과점,8.0
동작구,상도4동,일식음식점,4.0
동작구,신대방1동,한식음식점,159.0
동작구,신대방1동,호프-간이주점,69.0
동작구,신대방1동,중식음식점,48.0
동작구,신대방1동,커피-음료,45.0
동작구,신대방1동,제과점,28.0
동작구,신대방1동,분식전문점,26.0
동작구,신대방1동,치킨전문점,19.0
동작구,신대방1동,양식음식점,9.0
동작구,신대방1동,일식음식점,8.0
동작구,신대방1동,패스트푸드점,8.0
동작구,신대방2동,한식음식점,521.0
동작구,신대방2동,커피-음료,171.0
동작구,신대방2동,호프-간이주점,95.0
동작구,신대방2동,분식전문점,91.0
동작구,신대방2동,일식음식점,85.0
동작구,신대방2동,양식음식점,57.0
동작구,신대방2동,제과점,49.0
동작구,신대방2동,중식음식점,46.0
동작구,신대방2동,패스트푸드점,24.0
동작구,신대방2동,치킨전문점,4.0
동작구,흑석동,한식음식점,208.0
동작구,흑석동,호프-간이주점,130.0
동작구,흑석동,커피-음료,92.0
동작구,흑석동,분식전문점,68.0
동작구,흑석동,양식음식점,35.0
동작구,흑석동,일식음식점,35.0
동작구,흑석동,중식음식점,32.0
동작구,흑석동,제과점,20.0
동작구,흑석동,패스트푸드점,20.0
동작구,흑석동,치킨전문점,4.0
마포구,공덕동,한식음식점,631.0
마포구,공덕동,호프-간이주점,154.0
마포구,공덕동,커피-음료,153.0
마포구,공덕동,분식전문점,91.0
마포구,공덕동,양식음식점,43.0
마포구,공덕동,일식음식점,40.0
마포구,공덕동,중식음식점,40.0
마포구,공덕동,제과점,30.0
마포구,공덕동,치킨전문점,24.0
마포구,공덕동,패스트푸드점,5.0
마포구,대흥동,한식음식점,190.0
마포구,대흥동,커피-음료,116.0
마포구,대흥동,양식음식점,60.0
마포구,대흥동,호프-간이주점,50.0
마포구,대흥동,제과점,35.0
마포구,대흥동,분식전문점,31.0
마포구,대흥동,일식음식점,21.0
마포구,대흥동,치킨전문점,16.0
마포구,대흥동,패스트푸드점,15.0
마포구,대흥동,중식음식점,10.0
마포구,도화동,한식음식점,766.0
마포구,도화동,호프-간이주점,272.0
마포구,도화동,커피-음료,175.0
마포구,도화동,분식전문점,141.0
마포구,도화동,양식음식점,118.0
마포구,도화동,일식음식점,115.0
마포구,도화동,중식음식점,57.0
마포구,도화동,제과점,49.0
마포구,도화동,패스트푸드점,47.0
마포구,도화동,치킨전문점,32.0
마포구,망원1동,한식음식점,618.0
마포구,망원1동,커피-음료,591.0
마포구,망원1동,양식음식점,244.0
마포구,망원1동,호프-간이주점,215.0
마포구,망원1동,제과점,166.0
마포구,망원1동,일식음식점,143.0
마포구,망원1동,분식전문점,134.0
마포구,망원1동,중식음식점,60.0
마포구,망원1동,패스트푸드점,54.0
마포구,망원1동,치킨전문점,36.0
마포구,망원2동,한식음식점,366.0
마포구,망원2동,커피-음료,242.0
마포구,망원2동,호프-간이주점,83.0
마포구,망원2동,분식전문점,66.0
마포구,망원2동,제과점,54.0
마포구,망원2동,중식음식점,42.0
마포구,망원2동,일식음식점,33.0
마포구,망원2동,양식음식점,32.0
마포구,망원2동,패스트푸드점,29.0
마포구,망원2동,치킨전문점,16.0
마포구,상암동,한식음식점,997.0
마포구,상암동,커피-음료,498.0
마포구,상암동,일식음식점,242.0
마포구,상암동,호프-간이주점,208.0
마포구,상암동,양식음식점,192.0
마포구,상암동,중식음식점,108.0
마포구,상암동,분식전문점,104.0
마포구,상암동,패스트푸드점,75.0
마포구,상암동,제과점,48.0
마포구,상암동,치킨전문점,20.0
마포구,서강동,한식음식점,532.0
마포구,서강동,커피-음료,502.0
마포구,서강동,호프-간이주점,334.0
마포구,서강동,양식음식점,219.0
마포구,서강동,일식음식점,177.0
마포구,서강동,제과점,102.0
마포구,서강동,분식전문점,95.0
마포구,서강동,중식음식점,56.0
마포구,서강동,패스트푸드점,54.0
마포구,서강동,치킨전문점,12.0
마포구,서교동,한식음식점,2768.0
마포구,서교동,커피-음료,2461.0
마포구,서교동,호프-간이주점,1974.0
마포구,서교동,양식음식점,930.0
마포구,서교동,일식음식점,848.0
마포구,서교동,분식전문점,491.0
마포구,서교동,제과점,400.0
마포구,서교동,중식음식점,382.0
마포구,서교동,패스트푸드점,316.0
마포구,서교동,치킨전문점,64.0
마포구,성산1동,한식음식점,323.0
마포구,성산1동,커피-음료,283.0
마포구,성산1동,제과점,90.0
마포구,성산1동,양식음식점,64.0
마포구,성산1동,호프-간이주점,50.0
마포구,성산1동,패스트푸드점,44.0
마포구,성산1동,분식전문점,38.0
마포구,성산1동,일식음식점,38.0
마포구,성산1동,중식음식점,23.0
마포구,성산1동,치킨전문점,12.0
마포구,성산2동,한식음식점,248.0
마포구,성산2동,커피-음료,120.0
마포구,성산2동,분식전문점,82.0
마포구,성산2동,일식음식점,49.0
마포구,성산2동,제과점,44.0
마포구,성산2동,중식음식점,36.0
마포구,성산2동,호프-간이주점,34.0
마포구,성산2동,패스트푸드점,30.0
마포구,성산2동,양식음식점,24.0
마포구,성산2동,치킨전문점,8.0
마포구,신수동,한식음식점,201.0
마포구,신수동,커피-음료,145.0
마포구,신수동,분식전문점,59.0
마포구,신수동,양식음식점,54.0
마포구,신수동,제과점,38.0
마포구,신수동,호프-간이주점,36.0
마포구,신수동,일식음식점,26.0
마포구,신수동,중식음식점,19.0
마포구,신수동,패스트푸드점,10.0
마포구,신수동,치킨전문점,4.0
마포구,아현동,한식음식점,162.0
마포구,아현동,호프-간이주점,68.0
마포구,아현동,분식전문점,38.0
마포구,아현동,양식음식점,31.0
마포구,아현동,커피-음료,29.0
마포구,아현동,치킨전문점,16.0
마포구,아현동,패스트푸드점,12.0
마포구,아현동,제과점,12.0
마포구,아현동,중식음식점,8.0
마포구,아현동,일식음식점,8.0
마포구,연남동,커피-음료,1175.0
마포구,연남동,한식음식점,867.0
마포구,연남동,호프-간이주점,785.0
마포구,연남동,양식음식점,600.0
마포구,연남동,일식음식점,429.0
마포구,연남동,제과점,331.0
마포구,연남동,분식전문점,181.0
마포구,연남동,중식음식점,159.0
마포구,연남동,패스트푸드점,140.0
마포구,연남동,치킨전문점,34.0
마포구,염리동,한식음식점,179.0
마포구,염리동,커피-음료,107.0
마포구,염리동,분식전문점,97.0
마포구,염리동,호프-간이주점,37.0
마포구,염리동,제과점,33.0
마포구,염리동,중식음식점,19.0
마포구,염리동,일식음식점,16.0
마포구,염리동,치킨전문점,16.0
마포구,염리동,양식음식점,13.0
마포구,염리동,패스트푸드점,11.0
마포구,용강동,한식음식점,512.0
마포구,용강동,호프-간이주점,170.0
마포구,용강동,커피-음료,150.0
마포구,용강동,양식음식점,64.0
마포구,용강동,일식음식점,60.0
마포구,용강동,중식음식점,50.0
마포구,용강동,분식전문점,43.0
마포구,용강동,패스트푸드점,23.0
마포구,용강동,제과점,14.0
마포구,용강동,치킨전문점,6.0
마포구,합정동,커피-음료,339.0
마포구,합정동,한식음식점,317.0
마포구,합정동,호프-간이주점,250.0
마포구,합정동,양식음식점,156.0
마포구,합정동,일식음식점,110.0
마포구,합정동,제과점,90.0
마포구,합정동,분식전문점,50.0
마포구,합정동,패스트푸드점,28.0
마포구,합정동,중식음식점,23.0
마포구,합정동,치킨전문점,0.0
서대문구,남가좌1동,한식음식점,142.0
서대문구,남가좌1동,호프-간이주점,44.0
서대문구,남가좌1동,분식전문점,8.0
서대문구,남가좌1동,일식음식점,4.0
서대문구,남가좌1동,제과점,4.0
서대문구,남가좌1동,중식음식점,4.0
서대문구,남가좌1동,패스트푸드점,0.0
서대문구,남가좌1동,커피-음료,0.0
서대문구,남가좌1동,치킨전문점,0.0
서대문구,남가좌2동,한식음식점,296.0
서대문구,남가좌2동,커피-음료,159.0
서대문구,남가좌2동,분식전문점,91.0
서대문구,남가좌2동,호프-간이주점,54.0
서대문구,남가좌2동,중식음식점,52.0
서대문구,남가좌2동,일식음식점,42.0
서대문구,남가좌2동,양식음식점,33.0
서대문구,남가좌2동,패스트푸드점,22.0
서대문구,남가좌2동,제과점,20.0
서대문구,남가좌2동,치킨전문점,16.0
서대문구,북가좌1동,한식음식점,73.0
서대문구,북가좌1동,호프-간이주점,16.0
서대문구,북가좌1동,커피-음료,13.0
서대문구,북가좌1동,분식전문점,10.0
서대문구,북가좌1동,양식음식점,9.0
서대문구,북가좌1동,중식음식점,8.0
서대문구,북가좌1동,제과점,8.0
서대문구,북가좌1동,치킨전문점,8.0
서대문구,북가좌1동,일식음식점,4.0
서대문구,북가좌1동,패스트푸드점,2.0
서대문구,북가좌2동,한식음식점,268.0
서대문구,북가좌2동,커피-음료,100.0
서대문구,북가좌2동,호프-간이주점,83.0
서대문구,북가좌2동,분식전문점,63.0
서대문구,북가좌2동,양식음식점,43.0
서대문구,북가좌2동,치킨전문점,33.0
서대문구,북가좌2동,일식음식점,31.0
서대문구,북가좌2동,제과점,28.0
서대문구,북가좌2동,중식음식점,26.0
서대문구,북가좌2동,패스트푸드점,13.0
서대문구,북아현동,한식음식점,89.0
서대문구,북아현동,커피-음료,61.0
서대문구,북아현동,호프-간이주점,48.0
서대문구,북아현동,분식전문점,28.0
서대문구,북아현동,제과점,20.0
서대문구,북아현동,치킨전문점,8.0
서대문구,북아현동,패스트푸드점,5.0
서대문구,북아현동,양식음식점,4.0
서대문구,북아현동,중식음식점,4.0
서대문구,북아현동,일식음식점,4.0
서대문구,신촌동,한식음식점,1698.0
서대문구,신촌동,커피-음료,915.0
서대문구,신촌동,호프-간이주점,817.0
서대문구,신촌동,양식음식점,416.0
서대문구,신촌동,일식음식점,361.0
서대문구,신촌동,중식음식점,308.0
서대문구,신촌동,분식전문점,285.0
서대문구,신촌동,제과점,171.0
서대문구,신촌동,패스트푸드점,143.0
서대문구,신촌동,치킨전문점,57.0
서대문구,연희동,커피-음료,467.0
서대문구,연희동,한식음식점,358.0
서대문구,연희동,호프-간이주점,178.0
서대문구,연희동,양식음식점,136.0
서대문구,연희동,제과점,134.0
서대문구,연희동,분식전문점,123.0
서대문구,연희동,중식음식점,76.0
서대문구,연희동,일식음식점,61.0
서대문구,연희동,패스트푸드점,61.0
서대문구,연희동,치킨전문점,14.0
서대문구,천연동,한식음식점,101.0
서대문구,천연동,분식전문점,41.0
서대문구,천연동,호프-간이주점,27.0
서대문구,천연동,커피-음료,16.0
서대문구,천연동,제과점,16.0
서대문구,천연동,중식음식점,13.0
서대문구,천연동,치킨전문점,9.0
서대문구,천연동,일식음식점,8.0
서대문구,천연동,양식음식점,4.0
서대문구,충현동,한식음식점,430.0
서대문구,충현동,커피-음료,159.0
서대문구,충현동,호프-간이주점,78.0
서대문구,충현동,양식음식점,61.0
서대문구,충현동,중식음식점,43.0
서대문구,충현동,분식전문점,35.0
서대문구,충현동,일식음식점,32.0
서대문구,충현동,제과점,21.0
서대문구,충현동,패스트푸드점,18.0
서대문구,충현동,치킨전문점,4.0
서대문구,홍은1동,한식음식점,154.0
서대문구,홍은1동,분식전문점,50.0
서대문구,홍은1동,커피-음료,36.0
서대문구,홍은1동,호프-간이주점,13.0
서대문구,홍은1동,일식음식점,12.0
서대문구,홍은1동,제과점,12.0
서대문구,홍은1동,패스트푸드점,8.0
서대문구,홍은1동,치킨전문점,8.0
서대문구,홍은1동,양식음식점,5.0
서대문구,홍은1동,중식음식점,4.0
서대문구,홍은2동,한식음식점,269.0
서대문구,홍은2동,호프-간이주점,104.0
서대문구,홍은2동,커피-음료,85.0
서대문구,홍은2동,분식전문점,62.0
서대문구,홍은2동,일식음식점,38.0
서대문구,홍은2동,양식음식점,33.0
서대문구,홍은2동,제과점,33.0
서대문구,홍은2동,중식음식점,31.0
서대문구,홍은2동,치킨전문점,17.0
서대문구,홍은2동,패스트푸드점,13.0
서대문구,홍제1동,한식음식점,319.0
서대문구,홍제1동,호프-간이주점,84.0
서대문구,홍제1동,커피-음료,72.0
서대문구,홍제1동,분식전문점,69.0
서대문구,홍제1동,중식음식점,42.0
서대문구,홍제1동,제과점,28.0
서대문구,홍제1동,일식음식점,22.0
서대문구,홍제1동,양식음식점,19.0
서대문구,홍제1동,치킨전문점,16.0
서대문구,홍제1동,패스트푸드점,8.0
서대문구,홍제3동,한식음식점,343.0
서대문구,홍제3동,호프-간이주점,121.0
서대문구,홍제3동,분식전문점,94.0
서대문구,홍제3동,커피-음료,75.0
서대문구,홍제3동,일식음식점,42.0
서대문구,홍제3동,중식음식점,24.0
서대문구,홍제3동,제과점,23.0
서대문구,홍제3동,치킨전문점,19.0
서대문구,홍제3동,양식음식점,17.0
서대문구,홍제3동,패스트푸드점,0.0
서초구,내곡동,한식음식점,48.0
서초구,내곡동,커피-음료,41.0
서초구,내곡동,분식전문점,4.0
서초구,내곡동,중식음식점,4.0
서초구,내곡동,양식음식점,4.0
서초구,내곡동,일식음식점,4.0
서초구,내곡동,제과점,3.0
서초구,내곡동,패스트푸드점,1.0
서초구,내곡동,호프-간이주점,0.0
서초구,도곡1동,한식음식점,476.0
서초구,도곡1동,커피-음료,207.0
서초구,도곡1동,호프-간이주점,134.0
서초구,도곡1동,일식음식점,105.0
서초구,도곡1동,양식음식점,95.0
서초구,도곡1동,분식전문점,90.0
서초구,도곡1동,중식음식점,53.0
서초구,도곡1동,제과점,47.0
서초구,도곡1동,패스트푸드점,30.0
서초구,도곡1동,치킨전문점,20.0
서초구,반포1동,한식음식점,173.0
서초구,반포1동,커피-음료,133.0
서초구,반포1동,호프-간이주점,78.0
서초구,반포1동,양식음식점,37.0
서초구,반포1동,분식전문점,26.0
서초구,반포1동,제과점,24.0
서초구,반포1동,패스트푸드점,18.0
서초구,반포1동,일식음식점,5.0
서초구,반포1동,중식음식점,4.0
서초구,반포1동,치킨전문점,0.0
서초구,반포4동,한식음식점,465.0
서초구,반포4동,양식음식점,279.0
서초구,반포4동,커피-음료,239.0
서초구,반포4동,일식음식점,182.0
서초구,반포4동,분식전문점,181.0
서초구,반포4동,제과점,171.0
서초구,반포4동,호프-간이주점,104.0
서초구,반포4동,중식음식점,73.0
서초구,반포4동,패스트푸드점,70.0
서초구,반포4동,치킨전문점,29.0
서초구,반포본동,커피-음료,39.0
서초구,반포본동,한식음식점,31.0
서초구,반포본동,분식전문점,14.0
서초구,반포본동,양식음식점,8.0
서초구,반포본동,제과점,8.0
서초구,반포본동,일식음식점,4.0
서초구,반포본동,호프-간이주점,4.0
서초구,반포본동,패스트푸드점,4.0
서초구,방배1동,한식음식점,323.0
서초구,방배1동,커피-음료,216.0
서초구,방배1동,제과점,68.0
서초구,방배1동,호프-간이주점,67.0
서초구,방배1동,양식음식점,52.0
서초구,방배1동,중식음식점,52.0
서초구,방배1동,분식전문점,47.0
서초구,방배1동,일식음식점,44.0
서초구,방배1동,패스트푸드점,15.0
서초구,방배1동,치킨전문점,12.0
서초구,방배2동,한식음식점,817.0
서초구,방배2동,호프-간이주점,356.0
서초구,방배2동,커피-음료,291.0
서초구,방배2동,양식음식점,134.0
서초구,방배2동,일식음식점,118.0
서초구,방배2동,제과점,114.0
서초구,방배2동,분식전문점,89.0
서초구,방배2동,중식음식점,72.0
서초구,방배2동,패스트푸드점,38.0
서초구,방배2동,치킨전문점,28.0
서초구,방배3동,커피-음료,28.0
서초구,방배3동,한식음식점,27.0
서초구,방배3동,양식음식점,8.0
서초구,방배3동,치킨전문점,4.0
서초구,방배3동,중식음식점,1.0
서초구,방배3동,일식음식점,1.0
서초구,방배3동,패스트푸드점,0.0
서초구,방배3동,분식전문점,0.0
서초구,방배4동,한식음식점,322.0
서초구,방배4동,커피-음료,218.0
서초구,방배4동,제과점,100.0
서초구,방배4동,양식음식점,78.0
서초구,방배4동,호프-간이주점,52.0
서초구,방배4동,분식전문점,48.0
서초구,방배4동,일식음식점,42.0
서초구,방배4동,중식음식점,40.0
서초구,방배4동,패스트푸드점,26.0
서초구,방배4동,치킨전문점,4.0
서초구,방배본동,한식음식점,307.0
서초구,방배본동,커피-음료,148.0
서초구,방배본동,호프-간이주점,90.0
서초구,방배본동,일식음식점,67.0
서초구,방배본동,분식전문점,58.0
서초구,방배본동,양식음식점,55.0
서초구,방배본동,제과점,43.0
서초구,방배본동,중식음식점,20.0
서초구,방배본동,패스트푸드점,20.0
서초구,방배본동,치킨전문점,1.0
서초구,서초1동,한식음식점,1341.0
서초구,서초1동,커피-음료,528.0
서초구,서초1동,호프-간이주점,258.0
서초구,서초1동,양식음식점,210.0
서초구,서초1동,분식전문점,205.0
서초구,서초1동,일식음식점,183.0
서초구,서초1동,중식음식점,155.0
서초구,서초1동,제과점,114.0
서초구,서초1동,패스트푸드점,93.0
서초구,서초1동,치킨전문점,34.0
서초구,서초2동,한식음식점,1555.0
서초구,서초2동,커피-음료,512.0
서초구,서초2동,양식음식점,423.0
서초구,서초2동,호프-간이주점,408.0
서초구,서초2동,일식음식점,319.0
서초구,서초2동,분식전문점,306.0
서초구,서초2동,중식음식점,197.0
서초구,서초2동,패스트푸드점,132.0
서초구,서초2동,제과점,97.0
서초구,서초2동,치킨전문점,47.0
서초구,서초3동,한식음식점,991.0
서초구,서초3동,커피-음료,466.0
서초구,서초3동,호프-간이주점,263.0
서초구,서초3동,양식음식점,203.0
서초구,서초3동,중식음식점,134.0
서초구,서초3동,일식음식점,127.0
서초구,서초3동,분식전문점,89.0
서초구,서초3동,제과점,86.0
서초구,서초3동,패스트푸드점,60.0
서초구,서초3동,치킨전문점,17.0
서초구,양재1동,한식음식점,603.0
서초구,양재1동,커피-음료,404.0
서초구,양재1동,호프-간이주점,150.0
서초구,양재1동,양식음식점,132.0
서초구,양재1동,제과점,84.0
서초구,양재1동,분식전문점,68.0
서초구,양재1동,일식음식점,58.0
서초구,양재1동,중식음식점,46.0
서초구,양재1동,패스트푸드점,24.0
서초구,양재1동,치킨전문점,16.0
서초구,양재2동,한식음식점,1099.0
서초구,양재2동,커피-음료,476.0
서초구,양재2동,호프-간이주점,206.0
서초구,양재2동,양식음식점,153.0
서초구,양재2동,분식전문점,122.0
서초구,양재2동,제과점,114.0
서초구,양재2동,일식음식점,103.0
서초구,양재2동,중식음식점,92.0
서초구,양재2동,패스트푸드점,72.0
서초구,양재2동,치킨전문점,38.0
서초구,잠원동,한식음식점,803.0
서초구,잠원동,커피-음료,253.0
서초구,잠원동,호프-간이주점,218.0
서초구,잠원동,양식음식점,174.0
서초구,잠원동,일식음식점,136.0
서초구,잠원동,중식음식점,73.0
서초구,잠원동,분식전문점,48.0
서초구,잠원동,패스트푸드점,20.0
서초구,잠원동,제과점,20.0
서초구,잠원동,치킨전문점,12.0
성동구,금호1가동,한식음식점,72.0
성동구,금호1가동,커피-음료,47.0
성동구,금호1가동,양식음식점,24.0
성동구,금호1가동,호프-간이주점,21.0
성동구,금호1가동,분식전문점,20.0
성동구,금호1가동,치킨전문점,10.0
성동구,금호1가동,제과점,8.0
성동구,금호1가동,일식음식점,5.0
성동구,금호1가동,패스트푸드점,4.0
성동구,금호1가동,중식음식점,4.0
성동구,금호2·3가동,한식음식점,288.0
성동구,금호2·3가동,호프-간이주점,69.0
성동구,금호2·3가동,분식전문점,58.0
성동구,금호2·3가동,커피-음료,55.0
성동구,금호2·3가동,양식음식점,41.0
성동구,금호2·3가동,치킨전문점,29.0
성동구,금호2·3가동,일식음식점,25.0
성동구,금호2·3가동,중식음식점,13.0
성동구,금호2·3가동,제과점,12.0
성동구,금호2·3가동,패스트푸드점,8.0
성동구,금호4가동,한식음식점,185.0
성동구,금호4가동,호프-간이주점,96.0
성동구,금호4가동,커피-음료,65.0
성동구,금호4가동,분식전문점,30.0
성동구,금호4가동,양식음식점,24.0
성동구,금호4가동,중식음식점,24.0
성동구,금호4가동,일식음식점,12.0
성동구,금호4가동,치킨전문점,12.0
성동구,금호4가동,패스트푸드점,11.0
성동구,금호4가동,제과점,11.0
성동구,마장동,한식음식점,433.0
성동구,마장동,호프-간이주점,70.0
성동구,마장동,커피-음료,50.0
성동구,마장동,분식전문점,24.0
성동구,마장동,패스트푸드점,13.0
성동구,마장동,일식음식점,13.0
성동구,마장동,양식음식점,12.0
성동구,마장동,중식음식점,12.0
성동구,마장동,치킨전문점,8.0
성동구,마장동,제과점,4.0
성동구,사근동,한식음식점,294.0
성동구,사근동,호프-간이주점,135.0
성동구,사근동,커피-음료,108.0
성동구,사근동,일식음식점,43.0
성동구,사근동,분식전문점,42.0
성동구,사근동,양식음식점,39.0
성동구,사근동,중식음식점,32.0
성동구,사근동,치킨전문점,30.0
성동구,사근동,패스트푸드점,16.0
성동구,사근동,제과점,10.0
성동구,성수1가1동,한식음식점,293.0
성동구,성수1가1동,커피-음료,217.0
성동구,성수1가1동,양식음식점,149.0
성동구,성수1가1동,호프-간이주점,85.0
성동구,성수1가1동,분식전문점,81.0
성동구,성수1가1동,제과점,74.0
성동구,성수1가1동,일식음식점,45.0
성동구,성수1가1동,패스트푸드점,26.0
성동구,성수1가1동,중식음식점,15.0
성동구,성수1가1동,치킨전문점,8.0
성동구,성수1가2동,한식음식점,655.0
성동구,성수1가2동,커피-음료,608.0
성동구,성수1가2동,양식음식점,273.0
성동구,성수1가2동,제과점,183.0
성동구,성수1가2동,호프-간이주점,164.0
성동구,성수1가2동,일식음식점,134.0
성동구,성수1가2동,분식전문점,85.0
성동구,성수1가2동,패스트푸드점,83.0
성동구,성수1가2동,중식음식점,39.0
성동구,성수1가2동,치킨전문점,12.0
성동구,성수2가1동,한식음식점,643.0
성동구,성수2가1동,커피-음료,440.0
성동구,성수2가1동,양식음식점,329.0
성동구,성수2가1동,호프-간이주점,258.0
성동구,성수2가1동,일식음식점,182.0
성동구,성수2가1동,제과점,127.0
성동구,성수2가1동,분식전문점,107.0
성동구,성수2가1동,패스트푸드점,84.0
성동구,성수2가1동,중식음식점,52.0
성동구,성수2가1동,치킨전문점,32.0
성동구,성수2가3동,한식음식점,798.0
성동구,성수2가3동,커피-음료,449.0
성동구,성수2가3동,호프-간이주점,141.0
성동구,성수2가3동,양식음식점,130.0
성동구,성수2가3동,일식음식점,97.0
성동구,성수2가3동,제과점,77.0
성동구,성수2가3동,중식음식점,68.0
성동구,성수2가3동,분식전문점,63.0
성동구,성수2가3동,패스트푸드점,60.0
성동구,성수2가3동,치킨전문점,10.0
성동구,송정동,한식음식점,125.0
성동구,송정동,커피-음료,65.0
성동구,송정동,분식전문점,24.0
성동구,송정동,양식음식점,24.0
성동구,송정동,제과점,13.0
성동구,송정동,패스트푸드점,12.0
성동구,송정동,치킨전문점,12.0
성동구,송정동,호프-간이주점,12.0
성동구,송정동,중식음식점,8.0
성동구,송정동,일식음식점,8.0
성동구,옥수동,한식음식점,101.0
성동구,옥수동,커피-음료,47.0
성동구,옥수동,분식전문점,20.0
성동구,옥수동,호프-간이주점,19.0
성동구,옥수동,패스트푸드점,19.0
성동구,옥수동,중식음식점,12.0
성동구,옥수동,일식음식점,12.0
성동구,옥수동,제과점,8.0
성동구,옥수동,양식음식점,4.0
성동구,옥수동,치킨전문점,4.0
성동구,왕십리2동,한식음식점,121.0
성동구,왕십리2동,커피-음료,62.0
성동구,왕십리2동,분식전문점,35.0
성동구,왕십리2동,제과점,23.0
성동구,왕십리2동,호프-간이주점,20.0
성동구,왕십리2동,치킨전문점,8.0
성동구,왕십리2동,양식음식점,8.0
성동구,왕십리2동,일식음식점,4.0
성동구,왕십리2동,중식음식점,4.0
성동구,왕십리2동,패스트푸드점,2.0
성동구,왕십리도선동,한식음식점,409.0
성동구,왕십리도선동,호프-간이주점,154.0
성동구,왕십리도선동,커피-음료,98.0
성동구,왕십리도선동,분식전문점,77.0
성동구,왕십리도선동,양식음식점,27.0
성동구,왕십리도선동,일식음식점,25.0
성동구,왕십리도선동,제과점,24.0
성동구,왕십리도선동,중식음식점,23.0
성동구,왕십리도선동,치킨전문점,12.0
성동구,왕십리도선동,패스트푸드점,5.0
성동구,용답동,한식음식점,290.0
성동구,용답동,호프-간이주점,73.0
성동구,용답동,커피-음료,55.0
성동구,용답동,분식전문점,47.0
성동구,용답동,일식음식점,34.0
성동구,용답동,중식음식점,27.0
성동구,용답동,양식음식점,21.0
성동구,용답동,제과점,12.0
성동구,용답동,치킨전문점,8.0
성동구,용답동,패스트푸드점,0.0
성동구,응봉동,커피-음료,16.0
성동구,응봉동,한식음식점,14.0
성동구,응봉동,양식음식점,12.0
성동구,응봉동,분식전문점,8.0
성동구,응봉동,치킨전문점,4.0
성동구,응봉동,제과점,0.0
성동구,행당1동,한식음식점,579.0
성동구,행당1동,커피-음료,182.0
성동구,행당1동,분식전문점,154.0
성동구,행당1동,양식음식점,115.0
성동구,행당1동,호프-간이주점,114.0
성동구,행당1동,일식음식점,89.0
성동구,행당1동,제과점,59.0
성동구,행당1동,중식음식점,45.0
성동구,행당1동,패스트푸드점,32.0
성동구,행당1동,치킨전문점,26.0
성북구,길음1동,한식음식점,85.0
성북구,길음1동,호프-간이주점,58.0
성북구,길음1동,커피-음료,29.0
성북구,길음1동,분식전문점,12.0
성북구,길음1동,일식음식점,12.0
성북구,길음1동,양식음식점,11.0
성북구,길음1동,중식음식점,8.0
성북구,길음1동,치킨전문점,8.0
성북구,길음1동,제과점,6.0
성북구,길음1동,패스트푸드점,4.0
성북구,길음2동,한식음식점,149.0
성북구,길음2동,커피-음료,88.0
성북구,길음2동,분식전문점,72.0
성북구,길음2동,양식음식점,42.0
성북구,길음2동,일식음식점,32.0
성북구,길음2동,중식음식점,28.0
성북구,길음2동,제과점,26.0
성북구,길음2동,패스트푸드점,15.0
성북구,길음2동,호프-간이주점,12.0
성북구,길음2동,치킨전문점,0.0
성북구,동선동,한식음식점,665.0
성북구,동선동,커피-음료,420.0
성북구,동선동,호프-간이주점,342.0
성북구,동선동,분식전문점,213.0
성북구,동선동,양식음식점,157.0
성북구,동선동,일식음식점,132.0
성북구,동선동,제과점,98.0
성북구,동선동,중식음식점,76.0
성북구,동선동,패스트푸드점,60.0
성북구,동선동,치킨전문점,26.0
성북구,보문동,한식음식점,29.0
성북구,보문동,커피-음료,27.0
성북구,보문동,분식전문점,12.0
성북구,보문동,호프-간이주점,12.0
성북구,보문동,제과점,12.0
성북구,보문동,중식음식점,12.0
성북구,보문동,일식음식점,4.0
성북구,보문동,패스트푸드점,3.0
성북구,보문동,치킨전문점,0.0
성북구,삼선동,한식음식점,606.0
성북구,삼선동,커피-음료,228.0
성북구,삼선동,호프-간이주점,192.0
성북구,삼선동,분식전문점,110.0
성북구,삼선동,일식음식점,57.0
성북구,삼선동,제과점,57.0
성북구,삼선동,양식음식점,49.0
성북구,삼선동,중식음식점,48.0
성북구,삼선동,패스트푸드점,20.0
성북구,삼선동,치킨전문점,16.0
성북구,석관동,한식음식점,645.0
성북구,석관동,호프-간이주점,192.0
성북구,석관동,커피-음료,161.0
성북구,석관동,분식전문점,79.0
성북구,석관동,양식음식점,53.0
성북구,석관동,중식음식점,35.0
성북구,석관동,패스트푸드점,25.0
성북구,석관동,제과점,24.0
성북구,석관동,치킨전문점,24.0
성북구,석관동,일식음식점,22.0
성북구,성북동,커피-음료,286.0
성북구,성북동,한식음식점,215.0
성북구,성북동,제과점,59.0
성북구,성북동,양식음식점,58.0
성북구,성북동,분식전문점,41.0
성북구,성북동,호프-간이주점,32.0
성북구,성북동,일식음식점,28.0
성북구,성북동,중식음식점,20.0
성북구,성북동,패스트푸드점,19.0
성북구,성북동,치킨전문점,4.0
성북구,안암동,한식음식점,606.0
성북구,안암동,커피-음료,383.0
성북구,안암동,호프-간이주점,310.0
성북구,안암동,양식음식점,131.0
성북구,안암동,중식음식점,102.0
성북구,안암동,일식음식점,93.0
성북구,안암동,분식전문점,79.0
성북구,안암동,패스트푸드점,62.0
성북구,안암동,제과점,56.0
성북구,안암동,치킨전문점,22.0
성북구,월곡1동,한식음식점,276.0
성북구,월곡1동,커피-음료,63.0
성북구,월곡1동,분식전문점,33.0
성북구,월곡1동,치킨전문점,20.0
성북구,월곡1동,중식음식점,15.0
성북구,월곡1동,제과점,12.0
성북구,월곡1동,일식음식점,12.0
성북구,월곡1동,호프-간이주점,11.0
성북구,월곡1동,패스트푸드점,8.0
성북구,월곡1동,양식음식점,6.0
성북구,월곡2동,한식음식점,240.0
성북구,월곡2동,커피-음료,96.0
성북구,월곡2동,분식전문점,93.0
성북구,월곡2동,제과점,53.0
성북구,월곡2동,호프-간이주점,51.0
성북구,월곡2동,일식음식점,38.0
성북구,월곡2동,중식음식점,33.0
성북구,월곡2동,패스트푸드점,32.0
성북구,월곡2동,양식음식점,26.0
성북구,월곡2동,치킨전문점,16.0
성북구,장위1동,한식음식점,156.0
성북구,장위1동,호프-간이주점,61.0
성북구,장위1동,커피-음료,36.0
성북구,장위1동,분식전문점,26.0
성북구,장위1동,중식음식점,12.0
성북구,장위1동,제과점,9.0
성북구,장위1동,양식음식점,4.0
성북구,장위1동,치킨전문점,3.0
성북구,장위1동,일식음식점,2.0
성북구,장위1동,패스트푸드점,0.0
성북구,장위2동,한식음식점,264.0
성북구,장위2동,호프-간이주점,52.0
성북구,장위2동,커피-음료,40.0
성북구,장위2동,분식전문점,32.0
성북구,장위2동,중식음식점,31.0
성북구,장위2동,일식음식점,12.0
성북구,장위2동,치킨전문점,12.0
성북구,장위2동,제과점,8.0
성북구,장위3동,한식음식점,4.0
성북구,정릉1동,한식음식점,126.0
성북구,정릉1동,커피-음료,36.0
성북구,정릉1동,분식전문점,33.0
성북구,정릉1동,호프-간이주점,26.0
성북구,정릉1동,패스트푸드점,16.0
성북구,정릉1동,치킨전문점,15.0
성북구,정릉1동,일식음식점,9.0
성북구,정릉1동,제과점,8.0
성북구,정릉1동,양식음식점,4.0
성북구,정릉1동,중식음식점,0.0
성북구,정릉2동,한식음식점,111.0
성북구,정릉2동,분식전문점,28.0
성북구,정릉2동,커피-음료,25.0
성북구,정릉2동,일식음식점,24.0
성북구,정릉2동,제과점,20.0
성북구,정릉2동,호프-간이주점,16.0
성북구,정릉2동,치킨전문점,11.0
성북구,정릉2동,중식음식점,7.0
성북구,정릉2동,패스트푸드점,4.0
성북구,정릉2동,양식음식점,4.0
성북구,정릉3동,한식음식점,211.0
성북구,정릉3동,분식전문점,73.0
성북구,정릉3동,커피-음료,71.0
성북구,정릉3동,호프-간이주점,58.0
성북구,정릉3동,중식음식점,33.0
성북구,정릉3동,제과점,32.0
성북구,정릉3동,치킨전문점,25.0
성북구,정릉3동,패스트푸드점,24.0
성북구,정릉3동,일식음식점,20.0
성북구,정릉3동,양식음식점,19.0
성북구,정릉4동,한식음식점,125.0
성북구,정릉4동,커피-음료,83.0
성북구,정릉4동,호프-간이주점,47.0
성북구,정릉4동,분식전문점,46.0
성북구,정릉4동,일식음식점,13.0
성북구,정릉4동,양식음식점,9.0
성북구,정릉4동,패스트푸드점,8.0
성북구,정릉4동,제과점,8.0
성북구,정릉4동,치킨전문점,8.0
성북구,정릉4동,중식음식점,5.0
성북구,종암동,한식음식점,439.0
성북구,종암동,커피-음료,119.0
성북구,종암동,분식전문점,68.0
성북구,종암동,호프-간이주점,59.0
성북구,종암동,제과점,46.0
성북구,종암동,치킨전문점,26.0
성북구,종암동,양식음식점,24.0
성북구,종암동,중식음식점,23.0
성북구,종암동,일식음식점,16.0
성북구,종암동,패스트푸드점,15.0
송파구,가락1동,한식음식점,278.0
송파구,가락1동,호프-간이주점,27.0
송파구,가락1동,커피-음료,20.0
송파구,가락1동,일식음식점,20.0
송파구,가락1동,분식전문점,13.0
송파구,가락1동,양식음식점,12.0
송파구,가락1동,중식음식점,5.0
송파구,가락1동,치킨전문점,4.0
송파구,가락1동,패스트푸드점,4.0
송파구,가락1동,제과점,0.0
송파구,가락2동,한식음식점,236.0
송파구,가락2동,커피-음료,85.0
송파구,가락2동,호프-간이주점,67.0
송파구,가락2동,분식전문점,34.0
송파구,가락2동,중식음식점,26.0
송파구,가락2동,제과점,25.0
송파구,가락2동,일식음식점,18.0
송파구,가락2동,양식음식점,12.0
송파구,가락2동,패스트푸드점,12.0
송파구,가락2동,치킨전문점,4.0
송파구,가락본동,한식음식점,1161.0
송파구,가락본동,호프-간이주점,351.0
송파구,가락본동,커피-음료,335.0
송파구,가락본동,일식음식점,200.0
송파구,가락본동,양식음식점,130.0
송파구,가락본동,분식전문점,112.0
송파구,가락본동,중식음식점,83.0
송파구,가락본동,제과점,49.0
송파구,가락본동,치킨전문점,40.0
송파구,가락본동,패스트푸드점,28.0
송파구,거여1동,한식음식점,125.0
송파구,거여1동,호프-간이주점,50.0
송파구,거여1동,커피-음료,36.0
송파구,거여1동,분식전문점,20.0
송파구,거여1동,일식음식점,10.0
송파구,거여1동,제과점,8.0
송파구,거여1동,양식음식점,8.0
송파구,거여1동,패스트푸드점,8.0
송파구,거여1동,치킨전문점,7.0
송파구,거여1동,중식음식점,0.0
송파구,거여2동,한식음식점,207.0
송파구,거여2동,호프-간이주점,66.0
송파구,거여2동,일식음식점,18.0
송파구,거여2동,분식전문점,16.0
송파구,거여2동,커피-음료,15.0
송파구,거여2동,양식음식점,12.0
송파구,거여2동,중식음식점,11.0
송파구,거여2동,치킨전문점,8.0
송파구,거여2동,패스트푸드점,8.0
송파구,거여2동,제과점,3.0
송파구,마천1동,한식음식점,286.0
송파구,마천1동,호프-간이주점,105.0
송파구,마천1동,분식전문점,58.0
송파구,마천1동,커피-음료,27.0
송파구,마천1동,양식음식점,20.0
송파구,마천1동,제과점,19.0
송파구,마천1동,중식음식점,16.0
송파구,마천1동,치킨전문점,16.0
송파구,마천1동,일식음식점,4.0
송파구,마천1동,패스트푸드점,0.0
송파구,마천2동,한식음식점,273.0
송파구,마천2동,호프-간이주점,62.0
송파구,마천2동,분식전문점,60.0
송파구,마천2동,커피-음료,41.0
송파구,마천2동,제과점,21.0
송파구,마천2동,치킨전문점,20.0
송파구,마천2동,중식음식점,19.0
송파구,마천2동,일식음식점,12.0
송파구,마천2동,양식음식점,9.0
송파구,마천2동,패스트푸드점,4.0
송파구,문정1동,한식음식점,260.0
송파구,문정1동,커피-음료,143.0
송파구,문정1동,중식음식점,47.0
송파구,문정1동,분식전문점,38.0
송파구,문정1동,양식음식점,32.0
송파구,문정1동,호프-간이주점,27.0
송파구,문정1동,제과점,24.0
송파구,문정1동,일식음식점,20.0
송파구,문정1동,치킨전문점,8.0
송파구,문정1동,패스트푸드점,5.0
송파구,문정2동,한식음식점,1127.0
송파구,문정2동,커피-음료,616.0
송파구,문정2동,일식음식점,237.0
송파구,문정2동,분식전문점,180.0
송파구,문정2동,호프-간이주점,175.0
송파구,문정2동,패스트푸드점,152.0
송파구,문정2동,양식음식점,144.0
송파구,문정2동,중식음식점,139.0
송파구,문정2동,제과점,110.0
송파구,문정2동,치킨전문점,20.0
송파구,방이1동,한식음식점,435.0
송파구,방이1동,커피-음료,210.0
송파구,방이1동,호프-간이주점,122.0
송파구,방이1동,양식음식점,70.0
송파구,방이1동,일식음식점,53.0
송파구,방이1동,분식전문점,51.0
송파구,방이1동,패스트푸드점,39.0
송파구,방이1동,제과점,30.0
송파구,방이1동,중식음식점,30.0
송파구,방이1동,치킨전문점,15.0
송파구,방이2동,한식음식점,2071.0
송파구,방이2동,호프-간이주점,903.0
송파구,방이2동,커피-음료,679.0
송파구,방이2동,양식음식점,575.0
송파구,방이2동,일식음식점,422.0
송파구,방이2동,분식전문점,374.0
송파구,방이2동,중식음식점,194.0
송파구,방이2동,패스트푸드점,190.0
송파구,방이2동,제과점,187.0
송파구,방이2동,치킨전문점,70.0
송파구,삼전동,한식음식점,253.0
송파구,삼전동,커피-음료,91.0
송파구,삼전동,호프-간이주점,65.0
송파구,삼전동,분식전문점,64.0
송파구,삼전동,일식음식점,44.0
송파구,삼전동,치킨전문점,20.0
송파구,삼전동,제과점,18.0
송파구,삼전동,양식음식점,16.0
송파구,삼전동,중식음식점,8.0
송파구,삼전동,패스트푸드점,5.0
송파구,석촌동,한식음식점,935.0
송파구,석촌동,커피-음료,314.0
송파구,석촌동,분식전문점,186.0
송파구,석촌동,호프-간이주점,177.0
송파구,석촌동,양식음식점,125.0
송파구,석촌동,제과점,115.0
송파구,석촌동,일식음식점,104.0
송파구,석촌동,중식음식점,84.0
송파구,석촌동,패스트푸드점,51.0
송파구,석촌동,치킨전문점,31.0
송파구,송파1동,한식음식점,695.0
송파구,송파1동,커피-음료,656.0
송파구,송파1동,양식음식점,318.0
송파구,송파1동,호프-간이주점,256.0
송파구,송파1동,일식음식점,218.0
송파구,송파1동,제과점,166.0
송파구,송파1동,분식전문점,105.0
송파구,송파1동,패스트푸드점,72.0
송파구,송파1동,중식음식점,66.0
송파구,송파1동,치킨전문점,25.0
송파구,송파2동,커피-음료,25.0
송파구,송파2동,분식전문점,17.0
송파구,송파2동,한식음식점,10.0
송파구,송파2동,제과점,8.0
송파구,송파2동,일식음식점,4.0
송파구,송파2동,중식음식점,4.0
송파구,송파2동,패스트푸드점,4.0
송파구,송파2동,치킨전문점,0.0
송파구,오금동,한식음식점,379.0
송파구,오금동,커피-음료,213.0
송파구,오금동,호프-간이주점,79.0
송파구,오금동,제과점,50.0
송파구,오금동,분식전문점,39.0
송파구,오금동,중식음식점,36.0
송파구,오금동,일식음식점,25.0
송파구,오금동,양식음식점,21.0
송파구,오금동,치킨전문점,15.0
송파구,오금동,패스트푸드점,12.0
송파구,잠실4동,분식전문점,24.0
송파구,잠실4동,한식음식점,16.0
송파구,잠실4동,커피-음료,9.0
송파구,잠실4동,패스트푸드점,8.0
송파구,잠실4동,양식음식점,4.0
송파구,잠실4동,중식음식점,4.0
송파구,잠실4동,제과점,2.0
송파구,잠실4동,치킨전문점,2.0
송파구,잠실4동,호프-간이주점,0.0
송파구,잠실4동,일식음식점,0.0
송파구,잠실6동,한식음식점,543.0
송파구,잠실6동,커피-음료,362.0
송파구,잠실6동,양식음식점,288.0
송파구,잠실6동,분식전문점,205.0
송파구,잠실6동,일식음식점,136.0
송파구,잠실6동,패스트푸드점,128.0
송파구,잠실6동,제과점,109.0
송파구,잠실6동,중식음식점,98.0
송파구,잠실6동,호프-간이주점,41.0
송파구,잠실6동,치킨전문점,4.0
송파구,잠실본동,한식음식점,1376.0
송파구,잠실본동,호프-간이주점,538.0
송파구,잠실본동,커피-음료,416.0
송파구,잠실본동,분식전문점,252.0
송파구,잠실본동,일식음식점,187.0
송파구,잠실본동,양식음식점,182.0
송파구,잠실본동,제과점,153.0
송파구,잠실본동,패스트푸드점,85.0
송파구,잠실본동,중식음식점,83.0
송파구,잠실본동,치킨전문점,74.0
송파구,장지동,한식음식점,146.0
송파구,장지동,커피-음료,108.0
송파구,장지동,분식전문점,28.0
송파구,장지동,호프-간이주점,28.0
송파구,장지동,중식음식점,28.0
송파구,장지동,제과점,25.0
송파구,장지동,패스트푸드점,12.0
송파구,장지동,치킨전문점,8.0
송파구,장지동,일식음식점,8.0
송파구,장지동,양식음식점,5.0
송파구,풍납1동,한식음식점,97.0
송파구,풍납1동,커피-음료,28.0
송파구,풍납1동,중식음식점,24.0
송파구,풍납1동,분식전문점,15.0
송파구,풍납1동,패스트푸드점,12.0
송파구,풍납1동,호프-간이주점,12.0
송파구,풍납1동,제과점,12.0
송파구,풍납1동,치킨전문점,8.0
송파구,풍납1동,양식음식점,0.0
양천구,목1동,한식음식점,728.0
양천구,목1동,커피-음료,303.0
양천구,목1동,분식전문점,191.0
양천구,목1동,호프-간이주점,171.0
양천구,목1동,제과점,156.0
양천구,목1동,양식음식점,154.0
양천구,목1동,일식음식점,140.0
양천구,목1동,중식음식점,125.0
양천구,목1동,패스트푸드점,61.0
양천구,목1동,치킨전문점,41.0
양천구,목2동,한식음식점,208.0
양천구,목2동,커피-음료,78.0
양천구,목2동,호프-간이주점,51.0
양천구,목2동,분식전문점,42.0
양천구,목2동,중식음식점,41.0
양천구,목2동,제과점,36.0
양천구,목2동,패스트푸드점,26.0
양천구,목2동,양식음식점,9.0
양천구,목2동,치킨전문점,4.0
양천구,목2동,일식음식점,0.0
양천구,목3동,한식음식점,471.0
양천구,목3동,호프-간이주점,165.0
양천구,목3동,커피-음료,89.0
양천구,목3동,분식전문점,68.0
양천구,목3동,일식음식점,49.0
양천구,목3동,치킨전문점,48.0
양천구,목3동,제과점,40.0
양천구,목3동,중식음식점,36.0
양천구,목3동,양식음식점,33.0
양천구,목3동,패스트푸드점,19.0
양천구,목4동,한식음식점,263.0
양천구,목4동,커피-음료,99.0
양천구,목4동,분식전문점,95.0
양천구,목4동,호프-간이주점,57.0
양천구,목4동,양식음식점,27.0
양천구,목4동,일식음식점,23.0
양천구,목4동,중식음식점,23.0
양천구,목4동,제과점,21.0
양천구,목4동,패스트푸드점,12.0
양천구,목4동,치킨전문점,9.0
양천구,신월1동,한식음식점,551.0
양천구,신월1동,호프-간이주점,208.0
양천구,신월1동,분식전문점,92.0
양천구,신월1동,커피-음료,90.0
양천구,신월1동,중식음식점,50.0
양천구,신월1동,일식음식점,24.0
양천구,신월1동,치킨전문점,24.0
양천구,신월1동,패스트푸드점,16.0
양천구,신월1동,제과점,15.0
양천구,신월2동,한식음식점,94.0
양천구,신월2동,호프-간이주점,50.0
양천구,신월2동,커피-음료,49.0
양천구,신월2동,분식전문점,24.0
양천구,신월2동,일식음식점,19.0
양천구,신월2동,제과점,16.0
양천구,신월2동,중식음식점,13.0
양천구,신월2동,치킨전문점,13.0
양천구,신월2동,패스트푸드점,4.0
양천구,신월2동,양식음식점,2.0
양천구,신월3동,한식음식점,157.0
양천구,신월3동,호프-간이주점,86.0
양천구,신월3동,커피-음료,46.0
양천구,신월3동,분식전문점,28.0
양천구,신월3동,제과점,12.0
양천구,신월3동,양식음식점,9.0
양천구,신월3동,중식음식점,8.0
양천구,신월3동,치킨전문점,8.0
양천구,신월3동,패스트푸드점,6.0
양천구,신월4동,한식음식점,244.0
양천구,신월4동,호프-간이주점,102.0
양천구,신월4동,커피-음료,33.0
양천구,신월4동,분식전문점,21.0
양천구,신월4동,치킨전문점,16.0
양천구,신월4동,중식음식점,12.0
양천구,신월4동,양식음식점,7.0
양천구,신월4동,일식음식점,4.0
양천구,신월4동,제과점,3.0
양천구,신월4동,패스트푸드점,1.0
양천구,신월5동,한식음식점,138.0
양천구,신월5동,호프-간이주점,56.0
양천구,신월5동,커피-음료,52.0
양천구,신월5동,분식전문점,18.0
양천구,신월5동,중식음식점,16.0
양천구,신월5동,패스트푸드점,9.0
양천구,신월5동,치킨전문점,4.0
양천구,신월5동,제과점,4.0
양천구,신월5동,일식음식점,1.0
양천구,신월6동,한식음식점,103.0
양천구,신월6동,호프-간이주점,21.0
양천구,신월6동,분식전문점,19.0
양천구,신월6동,커피-음료,14.0
양천구,신월6동,중식음식점,12.0
양천구,신월6동,양식음식점,8.0
양천구,신월6동,치킨전문점,8.0
양천구,신월6동,일식음식점,4.0
양천구,신월6동,제과점,1.0
양천구,신월6동,패스트푸드점,0.0
양천구,신월7동,한식음식점,234.0
양천구,신월7동,호프-간이주점,76.0
양천구,신월7동,분식전문점,43.0
양천구,신월7동,커피-음료,35.0
양천구,신월7동,중식음식점,22.0
양천구,신월7동,제과점,17.0
양천구,신월7동,양식음식점,16.0
양천구,신월7동,치킨전문점,8.0
양천구,신월7동,일식음식점,5.0
양천구,신월7동,패스트푸드점,0.0
양천구,신정1동,한식음식점,349.0
양천구,신정1동,커피-음료,131.0
양천구,신정1동,호프-간이주점,87.0
양천구,신정1동,분식전문점,64.0
양천구,신정1동,제과점,50.0
양천구,신정1동,일식음식점,33.0
양천구,신정1동,양식음식점,27.0
양천구,신정1동,중식음식점,26.0
양천구,신정1동,패스트푸드점,21.0
양천구,신정1동,치킨전문점,13.0
양천구,신정2동,한식음식점,200.0
양천구,신정2동,커피-음료,101.0
양천구,신정2동,제과점,55.0
양천구,신정2동,분식전문점,52.0
양천구,신정2동,양식음식점,48.0
양천구,신정2동,호프-간이주점,34.0
양천구,신정2동,일식음식점,21.0
양천구,신정2동,치킨전문점,17.0
양천구,신정2동,중식음식점,14.0
양천구,신정2동,패스트푸드점,4.0
양천구,신정3동,한식음식점,38.0
양천구,신정3동,제과점,24.0
양천구,신정3동,커피-음료,18.0
양천구,신정3동,분식전문점,12.0
양천구,신정3동,호프-간이주점,8.0
양천구,신정3동,패스트푸드점,0.0
양천구,신정3동,양식음식점,0.0
양천구,신정3동,일식음식점,0.0
양천구,신정4동,한식음식점,782.0
양천구,신정4동,호프-간이주점,273.0
양천구,신정4동,커피-음료,222.0
양천구,신정4동,분식전문점,131.0
양천구,신정4동,제과점,100.0
양천구,신정4동,중식음식점,84.0
양천구,신정4동,양식음식점,62.0
양천구,신정4동,일식음식점,50.0
양천구,신정4동,치킨전문점,45.0
양천구,신정4동,패스트푸드점,29.0
양천구,신정7동,한식음식점,12.0
양천구,신정7동,커피-음료,4.0
영등포구,당산1동,한식음식점,934.0
영등포구,당산1동,커피-음료,377.0
영등포구,당산1동,호프-간이주점,342.0
영등포구,당산1동,분식전문점,124.0
영등포구,당산1동,일식음식점,114.0
영등포구,당산1동,양식음식점,108.0
영등포구,당산1동,중식음식점,91.0
영등포구,당산1동,제과점,65.0
영등포구,당산1동,패스트푸드점,53.0
영등포구,당산1동,치킨전문점,27.0
영등포구,당산2동,한식음식점,555.0
영등포구,당산2동,커피-음료,249.0
영등포구,당산2동,호프-간이주점,151.0
영등포구,당산2동,분식전문점,86.0
영등포구,당산2동,일식음식점,75.0
영등포구,당산2동,중식음식점,71.0
영등포구,당산2동,제과점,59.0
영등포구,당산2동,양식음식점,45.0
영등포구,당산2동,패스트푸드점,31.0
영등포구,당산2동,치킨전문점,20.0
영등포구,대림1동,한식음식점,246.0
영등포구,대림1동,호프-간이주점,66.0
영등포구,대림1동,중식음식점,53.0
영등포구,대림1동,분식전문점,38.0
영등포구,대림1동,커피-음료,37.0
영등포구,대림1동,제과점,18.0
영등포구,대림1동,치킨전문점,16.0
영등포구,대림1동,패스트푸드점,12.0
영등포구,대림1동,양식음식점,8.0
영등포구,대림1동,일식음식점,4.0
영등포구,대림2동,중식음식점,608.0
영등포구,대림2동,호프-간이주점,253.0
영등포구,대림2동,한식음식점,203.0
영등포구,대림2동,커피-음료,34.0
영등포구,대림2동,분식전문점,24.0
영등포구,대림2동,제과점,12.0
영등포구,대림2동,양식음식점,8.0
영등포구,대림2동,치킨전문점,8.0
영등포구,대림2동,일식음식점,4.0
영등포구,대림2동,패스트푸드점,0.0
영등포구,대림3동,중식음식점,566.0
영등포구,대림3동,한식음식점,471.0
영등포구,대림3동,호프-간이주점,371.0
영등포구,대림3동,커피-음료,151.0
영등포구,대림3동,분식전문점,49.0
영등포구,대림3동,제과점,17.0
영등포구,대림3동,양식음식점,17.0
영등포구,대림3동,일식음식점,15.0
영등포구,대림3동,치킨전문점,12.0
영등포구,대림3동,패스트푸드점,4.0
영등포구,도림동,한식음식점,186.0
영등포구,도림동,중식음식점,68.0
영등포구,도림동,커피-음료,55.0
영등포구,도림동,호프-간이주점,44.0
영등포구,도림동,분식전문점,33.0
영등포구,도림동,제과점,24.0
영등포구,도림동,양식음식점,9.0
영등포구,도림동,패스트푸드점,5.0
영등포구,도림동,치킨전문점,0.0
영등포구,도림동,일식음식점,0.0
영등포구,문래동,한식음식점,777.0
영등포구,문래동,호프-간이주점,336.0
영등포구,문래동,커피-음료,332.0
영등포구,문래동,일식음식점,148.0
영등포구,문래동,양식음식점,126.0
영등포구,문래동,중식음식점,75.0
영등포구,문래동,패스트푸드점,70.0
영등포구,문래동,분식전문점,49.0
영등포구,문래동,제과점,33.0
영등포구,문래동,치킨전문점,29.0
영등포구,신길1동,한식음식점,287.0
영등포구,신길1동,호프-간이주점,72.0
영등포구,신길1동,커피-음료,57.0
영등포구,신길1동,분식전문점,56.0
영등포구,신길1동,중식음식점,48.0
영등포구,신길1동,일식음식점,21.0
영등포구,신길1동,양식음식점,16.0
영등포구,신길1동,제과점,13.0
영등포구,신길1동,치킨전문점,12.0
영등포구,신길1동,패스트푸드점,9.0
영등포구,신길3동,한식음식점,94.0
영등포구,신길3동,분식전문점,28.0
영등포구,신길3동,호프-간이주점,24.0
영등포구,신길3동,커피-음료,21.0
영등포구,신길3동,중식음식점,16.0
영등포구,신길3동,양식음식점,14.0
영등포구,신길3동,일식음식점,9.0
영등포구,신길3동,치킨전문점,8.0
영등포구,신길3동,패스트푸드점,5.0
영등포구,신길3동,제과점,4.0
영등포구,신길4동,한식음식점,57.0
영등포구,신길4동,호프-간이주점,24.0
영등포구,신길4동,커피-음료,16.0
영등포구,신길4동,중식음식점,11.0
영등포구,신길4동,일식음식점,4.0
영등포구,신길4동,제과점,4.0
영등포구,신길4동,양식음식점,4.0
영등포구,신길4동,패스트푸드점,4.0
영등포구,신길4동,치킨전문점,0.0
영등포구,신길4동,분식전문점,0.0
영등포구,신길5동,한식음식점,66.0
영등포구,신길5동,중식음식점,42.0
영등포구,신길5동,호프-간이주점,35.0
영등포구,신길5동,커피-음료,23.0
영등포구,신길5동,분식전문점,20.0
영등포구,신길5동,일식음식점,6.0
영등포구,신길5동,제과점,4.0
영등포구,신길5동,패스트푸드점,0.0
영등포구,신길5동,치킨전문점,0.0
영등포구,신길6동,한식음식점,280.0
영등포구,신길6동,커피-음료,104.0
영등포구,신길6동,호프-간이주점,72.0
영등포구,신길6동,분식전문점,47.0
영등포구,신길6동,제과점,31.0
영등포구,신길6동,일식음식점,24.0
영등포구,신길6동,중식음식점,17.0
영등포구,신길6동,양식음식점,9.0
영등포구,신길6동,치킨전문점,8.0
영등포구,신길6동,패스트푸드점,3.0
영등포구,신길7동,한식음식점,52.0
영등포구,신길7동,커피-음료,18.0
영등포구,신길7동,양식음식점,9.0
영등포구,신길7동,중식음식점,8.0
영등포구,신길7동,호프-간이주점,8.0
영등포구,신길7동,치킨전문점,4.0
영등포구,신길7동,분식전문점,4.0
영등포구,신길7동,제과점,4.0
영등포구,신길7동,패스트푸드점,0.0
영등포구,양평1동,한식음식점,205.0
영등포구,양평1동,호프-간이주점,66.0
영등포구,양평1동,커피-음료,52.0
영등포구,양평1동,분식전문점,46.0
영등포구,양평1동,제과점,24.0
영등포구,양평1동,중식음식점,22.0
영등포구,양평1동,일식음식점,20.0
영등포구,양평1동,양식음식점,19.0
영등포구,양평1동,패스트푸드점,4.0
영등포구,양평1동,치킨전문점,1.0
영등포구,양평2동,한식음식점,488.0
영등포구,양평2동,커피-음료,221.0
영등포구,양평2동,호프-간이주점,96.0
영등포구,양평2동,양식음식점,68.0
영등포구,양평2동,제과점,57.0
영등포구,양평2동,일식음식점,57.0
영등포구,양평2동,중식음식점,55.0
영등포구,양평2동,분식전문점,50.0
영등포구,양평2동,패스트푸드점,40.0
영등포구,양평2동,치킨전문점,8.0
영등포구,여의동,한식음식점,2614.0
영등포구,여의동,커피-음료,883.0
영등포구,여의동,일식음식점,514.0
영등포구,여의동,호프-간이주점,499.0
영등포구,여의동,양식음식점,440.0
영등포구,여의동,분식전문점,273.0
영등포구,여의동,중식음식점,266.0
영등포구,여의동,패스트푸드점,196.0
영등포구,여의동,제과점,145.0
영등포구,여의동,치킨전문점,52.0
영등포구,영등포동,한식음식점,1572.0
영등포구,영등포동,호프-간이주점,377.0
영등포구,영등포동,커피-음료,270.0
영등포구,영등포동,중식음식점,178.0
영등포구,영등포동,분식전문점,170.0
영등포구,영등포동,양식음식점,147.0
영등포구,영등포동,일식음식점,140.0
영등포구,영등포동,제과점,72.0
영등포구,영등포동,패스트푸드점,60.0
영등포구,영등포동,치킨전문점,29.0
영등포구,영등포본동,한식음식점,199.0
영등포구,영등포본동,커피-음료,73.0
영등포구,영등포본동,분식전문점,67.0
영등포구,영등포본동,호프-간이주점,61.0
영등포구,영등포본동,중식음식점,45.0
영등포구,영등포본동,양식음식점,25.0
영등포구,영등포본동,제과점,21.0
영등포구,영등포본동,치킨전문점,21.0
영등포구,영등포본동,일식음식점,18.0
영등포구,영등포본동,패스트푸드점,4.0
용산구,남영동,한식음식점,662.0
용산구,남영동,커피-음료,219.0
용산구,남영동,호프-간이주점,173.0
용산구,남영동,양식음식점,108.0
용산구,남영동,일식음식점,100.0
용산구,남영동,분식전문점,87.0
용산구,남영동,중식음식점,57.0
용산구,남영동,제과점,57.0
용산구,남영동,치킨전문점,28.0
용산구,남영동,패스트푸드점,17.0
용산구,보광동,한식음식점,147.0
용산구,보광동,호프-간이주점,47.0
용산구,보광동,커피-음료,29.0
용산구,보광동,분식전문점,21.0
용산구,보광동,제과점,17.0
용산구,보광동,중식음식점,9.0
용산구,보광동,패스트푸드점,8.0
용산구,보광동,치킨전문점,8.0
용산구,보광동,양식음식점,7.0
용산구,보광동,일식음식점,6.0
용산구,서빙고동,한식음식점,83.0
용산구,서빙고동,커피-음료,52.0
용산구,서빙고동,분식전문점,27.0
용산구,서빙고동,패스트푸드점,10.0
용산구,서빙고동,중식음식점,8.0
용산구,서빙고동,호프-간이주점,8.0
용산구,서빙고동,일식음식점,6.0
용산구,서빙고동,양식음식점,4.0
용산구,서빙고동,치킨전문점,4.0
용산구,서빙고동,제과점,0.0
용산구,용문동,한식음식점,319.0
용산구,용문동,호프-간이주점,151.0
용산구,용문동,커피-음료,82.0
용산구,용문동,분식전문점,81.0
용산구,용문동,치킨전문점,31.0
용산구,용문동,양식음식점,31.0
용산구,용문동,제과점,26.0
용산구,용문동,일식음식점,14.0
용산구,용문동,중식음식점,8.0
용산구,용문동,패스트푸드점,5.0
용산구,용산2가동,커피-음료,209.0
용산구,용산2가동,양식음식점,193.0
용산구,용산2가동,호프-간이주점,104.0
용산구,용산2가동,한식음식점,101.0
용산구,용산2가동,패스트푸드점,52.0
용산구,용산2가동,제과점,47.0
용산구,용산2가동,분식전문점,33.0
용산구,용산2가동,일식음식점,20.0
용산구,용산2가동,중식음식점,8.0
용산구,용산2가동,치킨전문점,8.0
용산구,원효로1동,한식음식점,206.0
용산구,원효로1동,커피-음료,112.0
용산구,원효로1동,호프-간이주점,50.0
용산구,원효로1동,양식음식점,47.0
용산구,원효로1동,분식전문점,37.0
용산구,원효로1동,중식음식점,28.0
용산구,원효로1동,제과점,14.0
용산구,원효로1동,패스트푸드점,12.0
용산구,원효로1동,일식음식점,3.0
용산구,원효로1동,치킨전문점,0.0
용산구,원효로2동,한식음식점,64.0
용산구,원효로2동,커피-음료,32.0
용산구,원효로2동,호프-간이주점,18.0
용산구,원효로2동,일식음식점,16.0
용산구,원효로2동,제과점,12.0
용산구,원효로2동,양식음식점,8.0
용산구,원효로2동,분식전문점,8.0
용산구,원효로2동,중식음식점,4.0
용산구,원효로2동,치킨전문점,0.0
용산구,이촌1동,한식음식점,152.0
용산구,이촌1동,호프-간이주점,52.0
용산구,이촌1동,일식음식점,33.0
용산구,이촌1동,분식전문점,28.0
용산구,이촌1동,커피-음료,20.0
용산구,이촌1동,중식음식점,20.0
용산구,이촌1동,제과점,18.0
용산구,이촌1동,양식음식점,16.0
용산구,이촌1동,패스트푸드점,8.0
용산구,이촌1동,치킨전문점,6.0
용산구,이촌2동,한식음식점,29.0
용산구,이촌2동,커피-음료,21.0
용산구,이촌2동,제과점,12.0
용산구,이촌2동,호프-간이주점,11.0
용산구,이촌2동,분식전문점,10.0
용산구,이촌2동,일식음식점,7.0
용산구,이촌2동,중식음식점,4.0
용산구,이촌2동,패스트푸드점,0.0
용산구,이촌2동,치킨전문점,0.0
용산구,이태원1동,양식음식점,1868.0
용산구,이태원1동,호프-간이주점,1342.0
용산구,이태원1동,한식음식점,1078.0
용산구,이태원1동,커피-음료,801.0
용산구,이태원1동,제과점,206.0
용산구,이태원1동,일식음식점,205.0
용산구,이태원1동,패스트푸드점,179.0
용산구,이태원1동,중식음식점,136.0
용산구,이태원1동,분식전문점,129.0
용산구,이태원1동,치킨전문점,54.0
용산구,이태원2동,양식음식점,251.0
용산구,이태원2동,커피-음료,205.0
용산구,이태원2동,한식음식점,199.0
용산구,이태원2동,호프-간이주점,192.0
용산구,이태원2동,제과점,58.0
용산구,이태원2동,분식전문점,38.0
용산구,이태원2동,일식음식점,34.0
용산구,이태원2동,패스트푸드점,32.0
용산구,이태원2동,중식음식점,22.0
용산구,이태원2동,치킨전문점,16.0
용산구,청파동,한식음식점,367.0
용산구,청파동,커피-음료,247.0
용산구,청파동,분식전문점,150.0
용산구,청파동,호프-간이주점,114.0
용산구,청파동,양식음식점,89.0
용산구,청파동,패스트푸드점,74.0
용산구,청파동,제과점,71.0
용산구,청파동,일식음식점,46.0
용산구,청파동,중식음식점,19.0
용산구,청파동,치킨전문점,16.0
용산구,한강로동,한식음식점,1573.0
용산구,한강로동,커피-음료,871.0
용산구,한강로동,양식음식점,434.0
용산구,한강로동,호프-간이주점,391.0
용산구,한강로동,일식음식점,297.0
용산구,한강로동,분식전문점,212.0
용산구,한강로동,제과점,169.0
용산구,한강로동,중식음식점,133.0
용산구,한강로동,패스트푸드점,128.0
용산구,한강로동,치킨전문점,16.0
용산구,한남동,양식음식점,469.0
용산구,한남동,한식음식점,456.0
용산구,한남동,커피-음료,337.0
용산구,한남동,호프-간이주점,296.0
용산구,한남동,일식음식점,122.0
용산구,한남동,분식전문점,83.0
용산구,한남동,제과점,69.0
용산구,한남동,중식음식점,52.0
용산구,한남동,패스트푸드점,41.0
용산구,한남동,치킨전문점,28.0
용산구,효창동,커피-음료,63.0
용산구,효창동,한식음식점,38.0
용산구,효창동,제과점,20.0
용산구,효창동,분식전문점,17.0
용산구,효창동,양식음식점,16.0
용산구,효창동,패스트푸드점,4.0
용산구,효창동,치킨전문점,4.0
용산구,효창동,중식음식점,1.0
용산구,효창동,호프-간이주점,0.0
용산구,후암동,한식음식점,259.0
용산구,후암동,커피-음료,242.0
용산구,후암동,양식음식점,131.0
용산구,후암동,호프-간이주점,80.0
용산구,후암동,일식음식점,40.0
용산구,후암동,분식전문점,39.0
용산구,후암동,패스트푸드점,28.0
용산구,후암동,제과점,26.0
용산구,후암동,중식음식점,24.0
용산구,후암동,치킨전문점,8.0
은평구,갈현1동,한식음식점,728.0
은평구,갈현1동,호프-간이주점,423.0
은평구,갈현1동,커피-음료,157.0
은평구,갈현1동,분식전문점,117.0
은평구,갈현1동,일식음식점,103.0
은평구,갈현1동,중식음식점,73.0
은평구,갈현1동,양식음식점,71.0
은평구,갈현1동,제과점,68.0
은평구,갈현1동,치킨전문점,36.0
은평구,갈현1동,패스트푸드점,32.0
은평구,갈현2동,한식음식점,415.0
은평구,갈현2동,커피-음료,156.0
은평구,갈현2동,분식전문점,94.0
은평구,갈현2동,호프-간이주점,67.0
은평구,갈현2동,제과점,58.0
은평구,갈현2동,중식음식점,32.0
은평구,갈현2동,패스트푸드점,31.0
은평구,갈현2동,일식음식점,26.0
은평구,갈현2동,치킨전문점,25.0
은평구,갈현2동,양식음식점,18.0
은평구,구산동,한식음식점,280.0
은평구,구산동,커피-음료,143.0
은평구,구산동,호프-간이주점,64.0
은평구,구산동,제과점,63.0
은평구,구산동,분식전문점,61.0
은평구,구산동,중식음식점,29.0
은평구,구산동,패스트푸드점,26.0
은평구,구산동,양식음식점,22.0
은평구,구산동,치킨전문점,21.0
은평구,구산동,일식음식점,11.0
은평구,녹번동,한식음식점,355.0
은평구,녹번동,호프-간이주점,114.0
은평구,녹번동,커피-음료,105.0
은평구,녹번동,양식음식점,36.0
은평구,녹번동,제과점,35.0
은평구,녹번동,분식전문점,35.0
은평구,녹번동,일식음식점,29.0
은평구,녹번동,치킨전문점,17.0
은평구,녹번동,패스트푸드점,14.0
은평구,녹번동,중식음식점,12.0
은평구,대조동,한식음식점,701.0
은평구,대조동,커피-음료,211.0
은평구,대조동,호프-간이주점,173.0
은평구,대조동,분식전문점,162.0
은평구,대조동,양식음식점,71.0
은평구,대조동,제과점,69.0
은평구,대조동,일식음식점,59.0
은평구,대조동,패스트푸드점,43.0
은평구,대조동,중식음식점,41.0
은평구,대조동,치킨전문점,25.0
은평구,불광1동,한식음식점,410.0
은평구,불광1동,호프-간이주점,142.0
은평구,불광1동,커피-음료,100.0
은평구,불광1동,분식전문점,75.0
은평구,불광1동,양식음식점,48.0
은평구,불광1동,제과점,43.0
은평구,불광1동,일식음식점,31.0
은평구,불광1동,치킨전문점,24.0
은평구,불광1동,패스트푸드점,21.0
은평구,불광1동,중식음식점,16.0
은평구,불광2동,한식음식점,444.0
은평구,불광2동,호프-간이주점,109.0
은평구,불광2동,커피-음료,77.0
은평구,불광2동,분식전문점,71.0
은평구,불광2동,제과점,30.0
은평구,불광2동,양식음식점,18.0
은평구,불광2동,중식음식점,16.0
은평구,불광2동,치킨전문점,16.0
은평구,불광2동,일식음식점,11.0
은평구,불광2동,패스트푸드점,8.0
은평구,수색동,한식음식점,64.0
은평구,수색동,호프-간이주점,46.0
은평구,수색동,커피-음료,12.0
은평구,수색동,분식전문점,8.0
은평구,수색동,치킨전문점,4.0
은평구,신사1동,한식음식점,144.0
은평구,신사1동,커피-음료,86.0
은평구,신사1동,분식전문점,40.0
은평구,신사1동,호프-간이주점,37.0
은평구,신사1동,제과점,32.0
은평구,신사1동,패스트푸드점,9.0
은평구,신사1동,치킨전문점,8.0
은평구,신사1동,중식음식점,8.0
은평구,신사1동,양식음식점,7.0
은평구,신사1동,일식음식점,6.0
은평구,신사2동,한식음식점,75.0
은평구,신사2동,커피-음료,65.0
은평구,신사2동,분식전문점,42.0
은평구,신사2동,호프-간이주점,8.0
은평구,신사2동,치킨전문점,8.0
은평구,신사2동,중식음식점,8.0
은평구,신사2동,제과점,7.0
은평구,신사2동,양식음식점,6.0
은평구,신사2동,일식음식점,4.0
은평구,신사2동,패스트푸드점,4.0
은평구,역촌동,한식음식점,350.0
은평구,역촌동,커피-음료,147.0
은평구,역촌동,분식전문점,65.0
은평구,역촌동,호프-간이주점,63.0
은평구,역촌동,일식음식점,39.0
은평구,역촌동,제과점,31.0
은평구,역촌동,중식음식점,26.0
은평구,역촌동,패스트푸드점,21.0
은평구,역촌동,치킨전문점,16.0
은평구,역촌동,양식음식점,13.0
은평구,응암1동,한식음식점,388.0
은평구,응암1동,커피-음료,146.0
은평구,응암1동,호프-간이주점,111.0
은평구,응암1동,분식전문점,76.0
은평구,응암1동,제과점,52.0
은평구,응암1동,중식음식점,48.0
은평구,응암1동,양식음식점,35.0
은평구,응암1동,일식음식점,32.0
은평구,응암1동,패스트푸드점,28.0
은평구,응암1동,치킨전문점,16.0
은평구,응암2동,한식음식점,128.0
은평구,응암2동,커피-음료,43.0
은평구,응암2동,호프-간이주점,36.0
은평구,응암2동,분식전문점,35.0
은평구,응암2동,제과점,12.0
은평구,응암2동,패스트푸드점,10.0
은평구,응암2동,치킨전문점,8.0
은평구,응암2동,중식음식점,8.0
은평구,응암2동,일식음식점,8.0
은평구,응암2동,양식음식점,4.0
은평구,응암3동,한식음식점,616.0
은평구,응암3동,호프-간이주점,223.0
은평구,응암3동,커피-음료,132.0
은평구,응암3동,분식전문점,68.0
은평구,응암3동,일식음식점,56.0
은평구,응암3동,치킨전문점,44.0
은평구,응암3동,양식음식점,31.0
은평구,응암3동,패스트푸드점,24.0
은평구,응암3동,중식음식점,23.0
은평구,응암3동,제과점,22.0
은평구,증산동,한식음식점,232.0
은평구,증산동,커피-음료,62.0
은평구,증산동,분식전문점,50.0
은평구,증산동,호프-간이주점,48.0
은평구,증산동,제과점,28.0
은평구,증산동,양식음식점,18.0
은평구,증산동,중식음식점,14.0
은평구,증산동,치킨전문점,9.0
은평구,증산동,패스트푸드점,8.0
은평구,증산동,일식음식점,5.0
은평구,진관동,한식음식점,135.0
은평구,진관동,커피-음료,75.0
은평구,진관동,분식전문점,52.0
은평구,진관동,양식음식점,39.0
은평구,진관동,제과점,31.0
은평구,진관동,중식음식점,30.0
은평구,진관동,일식음식점,21.0
은평구,진관동,호프-간이주점,21.0
은평구,진관동,패스트푸드점,10.0
은평구,진관동,치킨전문점,9.0
종로구,가회동,커피-음료,391.0
종로구,가회동,한식음식점,352.0
종로구,가회동,양식음식점,145.0
종로구,가회동,제과점,78.0
종로구,가회동,분식전문점,71.0
종로구,가회동,호프-간이주점,71.0
종로구,가회동,일식음식점,52.0
종로구,가회동,패스트푸드점,36.0
종로구,가회동,치킨전문점,12.0
종로구,가회동,중식음식점,2.0
종로구,교남동,한식음식점,357.0
종로구,교남동,호프-간이주점,146.0
종로구,교남동,커피-음료,101.0
종로구,교남동,분식전문점,53.0
종로구,교남동,일식음식점,31.0
종로구,교남동,중식음식점,27.0
종로구,교남동,양식음식점,16.0
종로구,교남동,패스트푸드점,14.0
종로구,교남동,치킨전문점,12.0
종로구,교남동,제과점,0.0
종로구,무악동,한식음식점,24.0
종로구,무악동,커피-음료,8.0
종로구,무악동,치킨전문점,6.0
종로구,무악동,호프-간이주점,4.0
종로구,무악동,제과점,0.0
종로구,무악동,패스트푸드점,0.0
종로구,부암동,한식음식점,97.0
종로구,부암동,커피-음료,95.0
종로구,부암동,호프-간이주점,47.0
종로구,부암동,제과점,40.0
종로구,부암동,양식음식점,25.0
종로구,부암동,분식전문점,23.0
종로구,부암동,패스트푸드점,18.0
종로구,부암동,일식음식점,14.0
종로구,부암동,중식음식점,12.0
종로구,부암동,치킨전문점,4.0
종로구,사직동,한식음식점,1499.0
종로구,사직동,커피-음료,844.0
종로구,사직동,양식음식점,437.0
종로구,사직동,호프-간이주점,420.0
종로구,사직동,일식음식점,242.0
종로구,사직동,분식전문점,206.0
종로구,사직동,제과점,182.0
종로구,사직동,중식음식점,132.0
종로구,사직동,패스트푸드점,118.0
종로구,사직동,치킨전문점,20.0
종로구,삼청동,커피-음료,227.0
종로구,삼청동,한식음식점,186.0
종로구,삼청동,양식음식점,129.0
종로구,삼청동,분식전문점,30.0
종로구,삼청동,제과점,28.0
종로구,삼청동,호프-간이주점,24.0
종로구,삼청동,일식음식점,20.0
종로구,삼청동,패스트푸드점,12.0
종로구,삼청동,중식음식점,11.0
종로구,삼청동,치킨전문점,0.0
종로구,숭인1동,한식음식점,29.0
종로구,숭인1동,호프-간이주점,12.0
종로구,숭인1동,분식전문점,8.0
종로구,숭인1동,치킨전문점,4.0
종로구,숭인1동,중식음식점,4.0
종로구,숭인1동,커피-음료,2.0
종로구,숭인1동,패스트푸드점,0.0
종로구,숭인2동,한식음식점,188.0
종로구,숭인2동,커피-음료,56.0
종로구,숭인2동,분식전문점,51.0
종로구,숭인2동,호프-간이주점,51.0
종로구,숭인2동,치킨전문점,20.0
종로구,숭인2동,양식음식점,10.0
종로구,숭인2동,중식음식점,8.0
종로구,숭인2동,일식음식점,0.0
종로구,숭인2동,제과점,0.0
종로구,숭인2동,패스트푸드점,0.0
종로구,이화동,한식음식점,126.0
종로구,이화동,커피-음료,112.0
종로구,이화동,호프-간이주점,47.0
종로구,이화동,분식전문점,24.0
종로구,이화동,제과점,21.0
종로구,이화동,양식음식점,19.0
종로구,이화동,일식음식점,14.0
종로구,이화동,패스트푸드점,12.0
종로구,이화동,치킨전문점,8.0
종로구,이화동,중식음식점,6.0
종로구,종로1·2·3·4가동,한식음식점,5728.0
종로구,종로1·2·3·4가동,호프-간이주점,1943.0
종로구,종로1·2·3·4가동,커피-음료,1939.0
종로구,종로1·2·3·4가동,분식전문점,697.0
종로구,종로1·2·3·4가동,양식음식점,621.0
종로구,종로1·2·3·4가동,일식음식점,489.0
종로구,종로1·2·3·4가동,중식음식점,360.0
종로구,종로1·2·3·4가동,제과점,259.0
종로구,종로1·2·3·4가동,패스트푸드점,223.0
종로구,종로1·2·3·4가동,치킨전문점,113.0
종로구,종로5·6가동,한식음식점,917.0
종로구,종로5·6가동,커피-음료,338.0
종로구,종로5·6가동,호프-간이주점,182.0
종로구,종로5·6가동,분식전문점,117.0
종로구,종로5·6가동,일식음식점,60.0
종로구,종로5·6가동,중식음식점,54.0
종로구,종로5·6가동,제과점,46.0
종로구,종로5·6가동,양식음식점,32.0
종로구,종로5·6가동,치킨전문점,32.0
종로구,종로5·6가동,패스트푸드점,20.0
종로구,창신1동,한식음식점,391.0
종로구,창신1동,호프-간이주점,99.0
종로구,창신1동,커피-음료,86.0
종로구,창신1동,양식음식점,85.0
종로구,창신1동,중식음식점,67.0
종로구,창신1동,분식전문점,55.0
종로구,창신1동,치킨전문점,27.0
종로구,창신1동,패스트푸드점,16.0
종로구,창신1동,제과점,16.0
종로구,창신1동,일식음식점,8.0
종로구,창신2동,한식음식점,236.0
종로구,창신2동,양식음식점,49.0
종로구,창신2동,호프-간이주점,46.0
종로구,창신2동,커피-음료,43.0
종로구,창신2동,분식전문점,25.0
종로구,창신2동,제과점,18.0
종로구,창신2동,중식음식점,12.0
종로구,창신2동,패스트푸드점,8.0
종로구,창신2동,치킨전문점,7.0
종로구,창신3동,한식음식점,9.0
종로구,창신3동,커피-음료,8.0
종로구,창신3동,치킨전문점,4.0
종로구,창신3동,분식전문점,4.0
종로구,창신3동,양식음식점,4.0
종로구,창신3동,중식음식점,4.0
종로구,창신3동,제과점,0.0
종로구,청운효자동,커피-음료,324.0
종로구,청운효자동,한식음식점,194.0
종로구,청운효자동,양식음식점,127.0
종로구,청운효자동,분식전문점,69.0
종로구,청운효자동,호프-간이주점,57.0
종로구,청운효자동,일식음식점,48.0
종로구,청운효자동,제과점,46.0
종로구,청운효자동,패스트푸드점,24.0
종로구,청운효자동,치킨전문점,8.0
종로구,청운효자동,중식음식점,4.0
종로구,평창동,한식음식점,104.0
종로구,평창동,커피-음료,58.0
종로구,평창동,호프-간이주점,25.0
종로구,평창동,분식전문점,20.0
종로구,평창동,제과점,14.0
종로구,평창동,양식음식점,13.0
종로구,평창동,일식음식점,12.0
종로구,평창동,패스트푸드점,8.0
종로구,평창동,중식음식점,4.0
종로구,혜화동,한식음식점,817.0
종로구,혜화동,커피-음료,546.0
종로구,혜화동,호프-간이주점,355.0
종로구,혜화동,양식음식점,284.0
종로구,혜화동,분식전문점,178.0
종로구,혜화동,일식음식점,166.0
종로구,혜화동,중식음식점,158.0
종로구,혜화동,제과점,72.0
종로구,혜화동,패스트푸드점,66.0
종로구,혜화동,치킨전문점,22.0
중구,광희동,한식음식점,1413.0
중구,광희동,커피-음료,762.0
중구,광희동,양식음식점,384.0
중구,광희동,분식전문점,341.0
중구,광희동,호프-간이주점,263.0
중구,광희동,중식음식점,179.0
중구,광희동,일식음식점,145.0
중구,광희동,제과점,112.0
중구,광희동,패스트푸드점,90.0
중구,광희동,치킨전문점,44.0
중구,다산동,한식음식점,373.0
중구,다산동,커피-음료,175.0
중구,다산동,호프-간이주점,158.0
중구,다산동,분식전문점,76.0
중구,다산동,제과점,49.0
중구,다산동,일식음식점,41.0
중구,다산동,양식음식점,36.0
중구,다산동,중식음식점,16.0
중구,다산동,패스트푸드점,12.0
중구,다산동,치킨전문점,8.0
중구,동화동,한식음식점,82.0
중구,동화동,분식전문점,29.0
중구,동화동,커피-음료,27.0
중구,동화동,양식음식점,19.0
중구,동화동,제과점,11.0
중구,동화동,일식음식점,9.0
중구,동화동,호프-간이주점,9.0
중구,동화동,치킨전문점,8.0
중구,동화동,중식음식점,6.0
중구,동화동,패스트푸드점,4.0
중구,명동,한식음식점,1885.0
중구,명동,커피-음료,838.0
중구,명동,양식음식점,461.0
중구,명동,분식전문점,428.0
중구,명동,호프-간이주점,274.0
중구,명동,중식음식점,271.0
중구,명동,일식음식점,259.0
중구,명동,제과점,142.0
중구,명동,패스트푸드점,87.0
중구,명동,치킨전문점,20.0
중구,소공동,한식음식점,3224.0
중구,소공동,커피-음료,1329.0
중구,소공동,분식전문점,677.0
중구,소공동,양식음식점,523.0
중구,소공동,일식음식점,432.0
중구,소공동,호프-간이주점,424.0
중구,소공동,중식음식점,366.0
중구,소공동,제과점,344.0
중구,소공동,패스트푸드점,139.0
중구,소공동,치킨전문점,48.0
중구,신당5동,한식음식점,333.0
중구,신당5동,호프-간이주점,119.0
중구,신당5동,커피-음료,46.0
중구,신당5동,양식음식점,45.0
중구,신당5동,분식전문점,35.0
중구,신당5동,일식음식점,24.0
중구,신당5동,중식음식점,19.0
중구,신당5동,치킨전문점,16.0
중구,신당5동,제과점,13.0
중구,신당5동,패스트푸드점,8.0
중구,신당동,한식음식점,604.0
중구,신당동,커피-음료,189.0
중구,신당동,분식전문점,159.0
중구,신당동,호프-간이주점,108.0
중구,신당동,중식음식점,102.0
중구,신당동,양식음식점,81.0
중구,신당동,일식음식점,56.0
중구,신당동,패스트푸드점,38.0
중구,신당동,제과점,36.0
중구,신당동,치킨전문점,13.0
중구,약수동,한식음식점,122.0
중구,약수동,커피-음료,32.0
중구,약수동,분식전문점,22.0
중구,약수동,일식음식점,15.0
중구,약수동,호프-간이주점,10.0
중구,약수동,치킨전문점,8.0
중구,약수동,제과점,8.0
중구,약수동,패스트푸드점,4.0
중구,을지로동,한식음식점,848.0
중구,을지로동,호프-간이주점,517.0
중구,을지로동,커피-음료,456.0
중구,을지로동,양식음식점,183.0
중구,을지로동,일식음식점,152.0
중구,을지로동,분식전문점,113.0
중구,을지로동,중식음식점,90.0
중구,을지로동,제과점,48.0
중구,을지로동,패스트푸드점,33.0
중구,을지로동,치킨전문점,8.0
중구,장충동,한식음식점,319.0
중구,장충동,커피-음료,107.0
중구,장충동,양식음식점,45.0
중구,장충동,분식전문점,41.0
중구,장충동,일식음식점,40.0
중구,장충동,호프-간이주점,37.0
중구,장충동,제과점,28.0
중구,장충동,중식음식점,25.0
중구,장충동,치킨전문점,12.0
중구,장충동,패스트푸드점,9.0
중구,중림동,한식음식점,251.0
중구,중림동,커피-음료,105.0
중구,중림동,호프-간이주점,60.0
중구,중림동,양식음식점,36.0
중구,중림동,제과점,24.0
중구,중림동,중식음식점,20.0
중구,중림동,분식전문점,20.0
중구,중림동,패스트푸드점,12.0
중구,중림동,일식음식점,12.0
중구,중림동,치킨전문점,8.0
중구,청구동,한식음식점,52.0
중구,청구동,커피-음료,31.0
중구,청구동,호프-간이주점,17.0
중구,청구동,양식음식점,17.0
중구,청구동,일식음식점,12.0
중구,청구동,패스트푸드점,8.0
중구,청구동,중식음식점,8.0
중구,청구동,분식전문점,4.0
중구,청구동,제과점,0.0
중구,필동,한식음식점,661.0
중구,필동,커피-음료,271.0
중구,필동,호프-간이주점,259.0
중구,필동,양식음식점,108.0
중구,필동,분식전문점,84.0
중구,필동,중식음식점,75.0
중구,필동,일식음식점,55.0
중구,필동,제과점,21.0
중구,필동,패스트푸드점,18.0
중구,필동,치킨전문점,12.0
중구,황학동,한식음식점,559.0
중구,황학동,호프-간이주점,147.0
중구,황학동,커피-음료,79.0
중구,황학동,분식전문점,68.0
중구,황학동,양식음식점,35.0
중구,황학동,일식음식점,29.0
중구,황학동,중식음식점,22.0
중구,황학동,치킨전문점,15.0
중구,황학동,패스트푸드점,10.0
중구,황학동,제과점,9.0
중구,회현동,한식음식점,894.0
중구,회현동,커피-음료,395.0
중구,회현동,분식전문점,213.0
중구,회현동,양식음식점,118.0
중구,회현동,호프-간이주점,97.0
중구,회현동,중식음식점,96.0
중구,회현동,일식음식점,95.0
중구,회현동,제과점,93.0
중구,회현동,패스트푸드점,40.0
중구,회현동,치킨전문점,15.0
중랑구,망우3동,한식음식점,63.0
중랑구,망우3동,분식전문점,24.0
중랑구,망우3동,호프-간이주점,22.0
중랑구,망우3동,커피-음료,17.0
중랑구,망우3동,중식음식점,9.0
중랑구,망우3동,제과점,4.0
중랑구,망우3동,일식음식점,0.0
중랑구,망우본동,한식음식점,474.0
중랑구,망우본동,호프-간이주점,183.0
중랑구,망우본동,커피-음료,118.0
중랑구,망우본동,분식전문점,75.0
중랑구,망우본동,제과점,63.0
중랑구,망우본동,중식음식점,24.0
중랑구,망우본동,일식음식점,21.0
중랑구,망우본동,양식음식점,21.0
중랑구,망우본동,치킨전문점,11.0
중랑구,망우본동,패스트푸드점,4.0
중랑구,면목2동,한식음식점,740.0
중랑구,면목2동,호프-간이주점,218.0
중랑구,면목2동,커피-음료,143.0
중랑구,면목2동,분식전문점,131.0
중랑구,면목2동,치킨전문점,42.0
중랑구,면목2동,일식음식점,29.0
중랑구,면목2동,제과점,26.0
중랑구,면목2동,중식음식점,25.0
중랑구,면목2동,양식음식점,23.0
중랑구,면목2동,패스트푸드점,11.0
중랑구,면목3·8동,한식음식점,705.0
중랑구,면목3·8동,호프-간이주점,239.0
중랑구,면목3·8동,커피-음료,179.0
중랑구,면목3·8동,분식전문점,110.0
중랑구,면목3·8동,제과점,65.0
중랑구,면목3·8동,일식음식점,57.0
중랑구,면목3·8동,양식음식점,56.0
중랑구,면목3·8동,치킨전문점,38.0
중랑구,면목3·8동,중식음식점,29.0
중랑구,면목3·8동,패스트푸드점,24.0
중랑구,면목4동,한식음식점,109.0
중랑구,면목4동,커피-음료,24.0
중랑구,면목4동,호프-간이주점,24.0
중랑구,면목4동,분식전문점,22.0
중랑구,면목4동,치킨전문점,12.0
중랑구,면목4동,양식음식점,4.0
중랑구,면목4동,중식음식점,4.0
중랑구,면목4동,제과점,0.0
중랑구,면목4동,패스트푸드점,0.0
중랑구,면목5동,한식음식점,168.0
중랑구,면목5동,커피-음료,52.0
중랑구,면목5동,분식전문점,26.0
중랑구,면목5동,호프-간이주점,24.0
중랑구,면목5동,중식음식점,17.0
중랑구,면목5동,양식음식점,14.0
중랑구,면목5동,일식음식점,12.0
중랑구,면목5동,치킨전문점,10.0
중랑구,면목5동,제과점,5.0
중랑구,면목5동,패스트푸드점,4.0
중랑구,면목7동,한식음식점,351.0
중랑구,면목7동,호프-간이주점,122.0
중랑구,면목7동,분식전문점,69.0
중랑구,면목7동,커피-음료,54.0
중랑구,면목7동,제과점,47.0
중랑구,면목7동,치킨전문점,29.0
중랑구,면목7동,양식음식점,22.0
중랑구,면목7동,중식음식점,21.0
중랑구,면목7동,패스트푸드점,17.0
중랑구,면목7동,일식음식점,12.0
중랑구,면목본동,한식음식점,637.0
중랑구,면목본동,호프-간이주점,183.0
중랑구,면목본동,분식전문점,126.0
중랑구,면목본동,커피-음료,96.0
중랑구,면목본동,제과점,51.0
중랑구,면목본동,일식음식점,45.0
중랑구,면목본동,중식음식점,28.0
중랑구,면목본동,패스트푸드점,25.0
중랑구,면목본동,양식음식점,23.0
중랑구,면목본동,치킨전문점,23.0
중랑구,묵1동,한식음식점,135.0
중랑구,묵1동,커피-음료,59.0
중랑구,묵1동,분식전문점,53.0
중랑구,묵1동,호프-간이주점,31.0
중랑구,묵1동,일식음식점,17.0
중랑구,묵1동,제과점,12.0
중랑구,묵1동,중식음식점,12.0
중랑구,묵1동,패스트푸드점,12.0
중랑구,묵1동,치킨전문점,8.0
중랑구,묵1동,양식음식점,4.0
중랑구,묵2동,한식음식점,294.0
중랑구,묵2동,호프-간이주점,120.0
중랑구,묵2동,커피-음료,66.0
중랑구,묵2동,분식전문점,61.0
중랑구,묵2동,제과점,26.0
중랑구,묵2동,중식음식점,16.0
중랑구,묵2동,일식음식점,13.0
중랑구,묵2동,치킨전문점,12.0
중랑구,묵2동,패스트푸드점,8.0
중랑구,묵2동,양식음식점,3.0
중랑구,상봉1동,한식음식점,167.0
중랑구,상봉1동,커피-음료,90.0
중랑구,상봉1동,분식전문점,46.0
중랑구,상봉1동,호프-간이주점,32.0
중랑구,상봉1동,중식음식점,27.0
중랑구,상봉1동,제과점,20.0
중랑구,상봉1동,치킨전문점,20.0
중랑구,상봉1동,일식음식점,18.0
중랑구,상봉1동,양식음식점,13.0
중랑구,상봉1동,패스트푸드점,12.0
중랑구,상봉2동,한식음식점,863.0
중랑구,상봉2동,호프-간이주점,330.0
중랑구,상봉2동,커피-음료,176.0
중랑구,상봉2동,분식전문점,92.0
중랑구,상봉2동,양식음식점,80.0
중랑구,상봉2동,일식음식점,76.0
중랑구,상봉2동,중식음식점,52.0
중랑구,상봉2동,치킨전문점,43.0
중랑구,상봉2동,패스트푸드점,28.0
중랑구,상봉2동,제과점,19.0
중랑구,신내1동,한식음식점,420.0
중랑구,신내1동,커피-음료,117.0
중랑구,신내1동,호프-간이주점,115.0
중랑구,신내1동,분식전문점,57.0
중랑구,신내1동,제과점,24.0
중랑구,신내1동,양식음식점,23.0
중랑구,신내1동,중식음식점,13.0
중랑구,신내1동,치킨전문점,8.0
중랑구,신내1동,일식음식점,4.0
중랑구,신내1동,패스트푸드점,4.0
중랑구,신내2동,한식음식점,31.0
중랑구,신내2동,커피-음료,8.0
중랑구,신내2동,분식전문점,6.0
중랑구,신내2동,제과점,4.0
중랑구,신내2동,양식음식점,4.0
중랑구,신내2동,일식음식점,3.0
중랑구,신내2동,호프-간이주점,0.0
중랑구,신내2동,패스트푸드점,0.0
중랑구,중화1동,한식음식점,141.0
중랑구,중화1동,커피-음료,45.0
중랑구,중화1동,분식전문점,27.0
중랑구,중화1동,호프-간이주점,25.0
중랑구,중화1동,제과점,19.0
중랑구,중화1동,일식음식점,5.0
중랑구,중화1동,중식음식점,4.0
중랑구,중화1동,패스트푸드점,0.0
중랑구,중화1동,치킨전문점,0.0
중랑구,중화2동,한식음식점,508.0
중랑구,중화2동,호프-간이주점,155.0
중랑구,중화2동,커피-음료,91.0
중랑구,중화2동,분식전문점,52.0
중랑구,중화2동,패스트푸드점,32.0
중랑구,중화2동,중식음식점,24.0
중랑구,중화2동,제과점,22.0
중랑구,중화2동,치킨전문점,22.0
중랑구,중화2동,일식음식점,21.0
중랑구,중화2동,양식음식점,8.0
